Index,pseudotime,PLAU,MMP7,THBS1,CADM1,NPAS3,ATP1A1,ANK3,ALPL,TRAK1,SCGB1D2,MT1F,MT1X,MT1E,MT1G,CXCL14,MAOA,DPP4,NUPR1,GPX3,PAEP
1772158110_C79_F6,0.21535903790804736,394,0,64,360,0,0,400,0,0,0,0,0,0,0,0,0,0,0,0,0
1782163195_C87_G4,0.21149654906730064,1216,4135,355,977,406,0,0,198,229,17,0,0,0,0,0,0,0,0,0,167
1782163195_C39_G3,0.23621120614583824,718,180,123,308,443,176,8,0,0,345,0,4,0,0,0,4,0,0,12,0
1782163195_C23_D8,0.2416517928286818,0,0,0,0,0,0,0,0,477,0,0,0,0,0,0,0,0,0,0,0
1782159143_C90_G10,0.19230740742302932,849,4957,4077,31,8,4,80,1289,0,0,0,0,0,0,0,0,0,0,0,0
1782159141_C05_A8,0.23256971837029586,0,210,0,20,0,0,0,0,0,0,0,0,0,0,0,0,0,0,0,0
1782159141_C12_B7,0.22845542178112926,0,0,32,454,165,109,18,0,0,120,0,0,14,0,0,0,0,0,0,0
1772162155_C66_C12,0.20780196732128534,306,1401,2712,0,0,6,0,0,6,0,0,0,0,0,0,0,0,0,0,0
1782159141_C22_D9,0.23462206850556652,0,52,2375,521,60,0,0,0,4,0,0,0,0,0,0,0,0,0,0,0
1772162155_C22_D9,0.22134602071584814,299,923,796,822,82,60,200,0,0,0,7,0,0,31,0,0,0,0,0,0
1772162155_C33_F3,0.2260046189513173,0,1810,16,5,11,5,0,0,0,0,0,0,0,0,0,0,0,0,0,0
1782159141_C23_D8,0.2309302941931916,0,8,1991,122,205,0,0,1010,25,8,0,0,0,0,0,0,0,0,0,0
1782163195_C52_A10,0.21930152436693928,0,259,1303,58,0,9,0,0,0,0,0,0,0,0,0,0,0,0,0,0
1782163195_C63_C6,0.21593875168634755,516,617,978,205,44,12,160,0,113,30,0,0,0,0,0,0,0,0,270,0
1782163195_C24_D7,0.22576796209740907,5,597,319,36,0,3,0,0,0,0,0,0,0,0,0,0,0,0,0,0
1782159143_C49_A4,0.21933032275490438,29,0,0,298,5,0,0,32,5,120,0,0,0,0,0,0,0,0,0,164
1782163196_C61_C4,0.22173789092171173,2417,0,1367,536,103,5,0,0,0,128,0,14,0,54,0,0,0,0,0,0
1782147158_C56_B5,0.21603993969524682,351,0,518,1174,30,117,0,0,0,25,5,0,0,0,0,0,0,0,0,0
1772162156_C48_H9,0.21072028312399083,646,1743,5,3,102,392,0,0,59,51,0,0,0,0,0,0,0,0,0,206
1772162156_C26_E2,0.2013410205463348,683,2659,279,812,66,232,105,0,23,90,16,0,25,29,0,0,0,0,0,0
1772162156_C47_H8,0.23052074418322488,0,1730,98,534,267,879,3,0,0,179,0,0,0,0,0,0,0,0,37,0
1782159146_C57_B6_2,0.22505380257837515,238,200,10,946,129,10,0,0,0,0,104,0,38,0,0,0,0,0,0,129
1782159143_C18_C7,0.24545818699995592,0,5,0,0,0,0,0,0,0,0,0,0,0,0,0,0,0,0,0,0
1782159146_C31_F1_2,0.22388221539417344,730,5,179,468,2,0,2,875,0,181,0,0,0,0,0,0,0,0,0,0
1782147158_C47_H8,0.22549348330515712,6,6,0,0,0,0,0,0,0,0,0,0,0,0,0,0,0,0,0,0
1782159143_C57_B6,0.20194594944337865,0,278,9,0,392,1296,0,0,0,0,0,0,0,0,0,0,0,0,0,0
1782159143_C12_B7,0.21815008079652165,0,0,0,9,0,0,5,0,0,0,0,0,0,0,0,0,0,0,0,0
1782163195_C65_C11,0.2513934902807938,139,913,1587,405,60,646,8,0,264,5,0,0,0,0,0,0,0,0,0,128
1782159143_C08_B2,0.24217731148631838,0,21,0,392,34,0,0,0,0,0,0,0,0,0,0,0,0,0,0,0
1782159143_C27_E3,0.21321357973543967,0,19,0,911,0,166,13,0,0,0,0,0,0,0,0,0,0,0,0,0
1782159143_C41_G8,0.22523690310449154,4,0,0,0,9,0,0,0,0,0,0,0,0,0,0,0,0,0,0,0
1782159143_C61_C4,0.1905998831912528,2866,757,295,1532,0,735,0,0,0,24,0,156,2,0,0,0,0,0,0,0
1782159146_C80_F5_2,0.22539055387365195,186,0,0,0,4,0,8,0,0,39,0,0,0,0,0,0,0,0,0,0
1772162155_C95_H11,0.2666933788836135,0,0,255,596,56,0,0,0,0,388,29,82,0,0,0,0,0,0,0,2
1772162156_C19_D3,0.22333268726073802,558,0,1797,13,0,5,0,0,0,0,0,0,0,0,0,0,0,0,0,0
1782159143_C10_B9,0.2144699024057048,3,1301,3,3,0,3,0,0,65,0,0,0,0,0,0,0,0,7,0,0
1782159143_C79_F6,0.24435913239757137,0,0,0,0,0,0,0,0,0,0,0,0,0,0,0,0,0,0,0,0
1782159143_C62_C5,0.23678931961298627,0,0,5,0,128,3,0,0,0,95,0,0,0,0,0,0,0,0,0,0
1782159143_C33_F3,0.24721040694386487,0,0,374,91,30,81,0,0,0,0,0,0,0,6,0,0,0,0,0,0
1782163195_C60_B12,0.2227703170602986,2,2248,2,547,133,5,0,0,0,49,0,0,0,0,0,0,0,0,0,0
1782159146_C68_D5_2,0.22071510178919418,4,644,5257,119,26,0,16,0,0,149,0,0,0,0,16,0,0,0,0,0
1782159143_C73_E6,0.22241203655882444,3,41,646,8,0,3,0,0,0,0,0,0,0,0,0,0,0,0,0,0
1772162155_C36_F9,0.20271120351489563,181,1068,549,1245,75,4,220,56,0,12,0,0,8,0,0,0,0,0,0,0
1782159146_C38_G2_2,0.22722929141367432,0,101,1653,258,919,3,5,0,0,132,0,0,0,0,0,0,0,0,0,52
1782159143_C23_D8,0.22722929141367432,0,0,7,1494,0,17,3,0,0,0,0,0,0,0,0,0,0,0,0,0
1772162156_C22_D9,0.2323085745179498,0,0,977,3,303,6,0,0,0,0,0,0,0,0,0,0,0,0,0,0
1772162156_C38_G2,0.20163616301188314,314,1110,14,159,11,0,0,0,14,0,120,0,0,11,0,0,0,0,0,0
1782159143_C01_A3,0.22224427113037554,3,508,2780,1061,330,173,0,0,0,0,0,0,13,8,0,0,0,0,0,56
1782159143_C40_G7,0.1983241682614825,541,0,0,96,0,0,0,3,0,0,0,0,0,0,0,0,0,0,0,0
1772162155_C40_G7,0.24295912183365354,0,0,1282,172,119,0,13,0,0,150,0,0,0,0,0,0,0,0,0,7
1782159143_C77_E11,0.1985829757298247,2684,2827,64,1342,67,371,0,0,0,0,0,0,0,0,0,0,0,0,0,0
1772162156_C08_B2,0.16092216225377642,1488,16,2849,0,0,0,0,0,0,4,8,0,0,0,0,0,0,0,0,0
1772162156_C70_D10,0.2411338279799785,0,1619,20,217,314,26,195,0,0,379,54,0,0,130,0,0,0,0,0,1
1782159143_C47_H8,0.21230922842361788,1115,123,7,427,107,16,59,0,0,0,0,0,18,0,0,0,0,0,0,132
1782159143_C30_E9,0.6080271112338282,56,0,0,0,0,9,0,264,0,4365,0,0,0,0,0,0,0,0,0,0
1782159146_C02_A2_2,0.5917800546271984,8,0,0,0,0,3,18,79,310,7332,414,358,3,30,0,0,0,0,0,0
1782159143_C55_B4,0.5957229784761139,637,15,0,2,0,50,567,340,0,6563,98,220,418,1159,0,0,0,0,0,0
1772162155_C18_C7,0.5904519537573176,0,0,0,0,0,0,2,0,0,3627,16,365,65,416,0,0,0,0,0,0
1772162156_C69_D6,0.5853319636050285,7,0,484,0,0,618,62,0,0,36,96,0,254,136,0,0,0,410,0,0
1782159143_C19_D3,0.6008648889888923,2664,0,0,0,7,194,71,0,9,7801,17,813,505,1012,0,0,0,0,0,97
1772162156_C45_H3,0.5613687403678601,0,0,0,0,0,36,76,341,311,2339,201,176,193,376,0,0,0,0,0,0
1782159146_C25_E1_2,0.43458533511170355,0,0,0,2037,2,248,149,2,7,720,276,62,251,84,0,0,0,0,0,0
1782159143_C87_G4,0.5956135366493006,0,0,0,0,0,29,339,0,561,820,357,147,38,435,0,0,0,0,0,0
1782159143_C36_F9,0.2982905198229182,0,0,0,0,125,0,125,0,0,251,63,188,0,125,0,0,0,0,0,0
1782159143_C32_F2,0.5872740331973092,0,0,0,0,0,570,0,717,65,3470,20,0,0,0,0,0,181,0,0,0
1782159146_C36_F9_2,0.593719017548182,0,0,0,0,0,245,1657,0,0,30,0,0,0,0,0,0,0,0,0,0
1772162155_C76_E12,0.6067684148210878,0,0,0,43,0,0,0,0,0,578,0,0,0,0,0,0,0,0,0,0
1782159146_C03_A1_2,0.5805907546927906,0,0,0,0,0,111,0,34,0,0,233,339,153,3,0,0,0,0,0,0
1782159146_C17_C8_2,0.5909861832268424,286,0,0,0,0,476,6,0,34,2348,234,366,172,676,0,0,0,0,0,0
1772162156_C66_C12,0.6045194842245397,0,0,60,0,0,2032,0,20,0,24,0,0,0,109,0,0,0,0,0,0
1782159143_C03_A1,0.5848580950684293,0,0,0,0,0,25,127,0,8,5514,457,110,587,978,0,0,0,0,0,2
1782159146_C60_B12_2,0.3134322615090655,0,1430,194,822,0,15,10,20,507,15,133,10,182,17,0,0,0,0,0,0
1782159143_C25_E1,0.6101863145497552,0,0,0,0,0,1513,0,0,72,1122,0,27,16,104,0,0,0,0,0,3
1782159143_C42_G9,0.5995605760331832,0,0,0,0,0,3,0,0,10,2953,329,0,101,8,0,0,0,0,0,0
1782159146_C83_F11_2,0.5827176564318186,0,0,0,0,0,428,461,0,0,4132,114,51,19,141,0,0,0,0,1,0
1782159146_C96_H10_2,0.5892900333549966,200,0,223,0,0,0,0,0,0,12,15,12,8,96,0,0,0,0,0,0
1782159146_C11_B8_2,0.5623810119810301,0,0,0,0,0,105,486,154,194,656,464,1017,227,1815,0,0,0,0,0,0
1782159146_C85_G6_2,0.6190370315088792,14,0,0,0,0,576,4,0,0,606,84,0,319,86,0,0,0,0,0,0
1782159143_C07_B3,0.5906765588053514,366,0,0,0,0,178,0,513,8,126,141,91,27,275,0,0,0,0,0,0
1772162155_C09_B1,0.6441166397953451,0,0,0,0,0,0,0,122,0,1194,0,0,0,107,0,0,0,0,0,0
1772162156_C33_F3,0.30371881149993746,1051,0,28,0,0,12,0,106,8,74,58,10,8,2,0,0,0,0,22,0
1782159146_C12_B7_2,0.5666590244883036,0,0,0,0,0,7,198,0,0,37,264,63,0,786,0,0,0,0,0,0
1772162156_C81_F4,0.6327560364742842,134,0,0,0,0,0,0,0,203,2271,0,8,0,4,0,0,0,0,0,0
1772162155_C17_C8,0.5842886874197103,0,0,15,100,0,67,577,225,37,3785,225,215,22,692,0,0,0,37,0,187
1782159143_C67_D4,0.5822488928748488,2303,0,6,0,0,120,0,0,3,933,266,538,278,580,0,0,0,0,0,356
1772162156_C75_E4,0.5746274005633009,0,0,13,0,0,36,0,31,138,855,371,36,47,180,0,0,0,0,0,0
1772162155_C26_E2,0.5930535094855581,85,0,0,7,11,4,0,0,0,202,261,22,7,746,0,0,0,0,37,0
1772162156_C41_G8,0.5858359693314453,22,0,0,0,0,11,9,9,67,225,69,124,216,302,0,0,4,0,0,0
1782159146_C01_A3_2,0.5457431323153925,1067,0,0,0,0,551,78,15,0,494,62,0,0,124,0,0,0,37,295,0
1772162155_C14_C2,0.6521730671981539,0,0,0,0,0,0,0,0,0,3369,97,0,101,186,0,0,0,0,0,0
1772162156_C93_H4,0.582025161312262,0,0,0,0,0,0,809,0,0,1525,79,310,180,356,0,0,0,0,0,0
1772162156_C91_H6,0.5665082747339051,0,0,0,1,0,47,0,249,59,6165,79,540,153,953,0,0,0,0,1,0
1782163195_C46_H7,0.5954118515782795,0,0,0,0,63,13,174,0,0,9373,2,4,26,114,0,862,0,0,0,0
1772162155_C12_B7,0.5500434126909162,0,0,0,51,127,0,78,1088,463,660,121,558,261,918,3,0,0,0,0,3
1782159143_C92_H5,0.5810240349147355,0,0,0,0,0,2,0,96,177,3552,275,589,380,1378,0,0,0,0,0,0
1772162156_C82_F12,0.6410313813752755,0,0,0,0,0,222,0,6,0,1659,0,0,0,48,0,0,0,0,0,0
1782159143_C91_H6,0.5840769105679611,738,0,0,529,0,104,209,0,0,4507,153,95,262,102,0,0,0,0,0,0
1772162156_C57_B6,0.5860763871847284,0,0,0,0,0,0,341,67,32,462,223,196,341,73,0,263,0,0,0,0
1772162155_C41_G8,0.6279283377073721,12,0,0,128,0,113,0,0,0,2885,42,122,0,12,0,0,0,0,0,0
1772162156_C77_E11,0.5521516716280173,0,0,10,0,0,17,0,2,273,2025,154,60,137,175,0,0,0,0,0,0
1782159146_C10_B9_2,0.6039236968714623,0,0,0,0,0,0,0,0,0,264,144,47,652,330,0,0,0,4,0,0
1772162155_C35_F8,0.8919786327051217,0,0,0,0,0,0,0,0,2,34,0,0,0,0,0,0,0,0,0,0
1772162156_C30_E9,0.609498990989282,0,0,4,0,819,112,7,0,0,6059,92,1,4,674,0,0,0,0,0,0
1772162156_C55_B4,0.5104677964981691,0,0,0,0,0,71,808,0,4,7467,0,0,0,0,0,0,0,0,0,0
1772162156_C52_A10,0.5933374081608824,0,0,0,0,0,0,0,0,0,414,384,222,294,913,0,0,0,0,0,0
1782163195_C66_C12,0.5626494947386277,0,0,0,0,0,0,239,0,0,6706,0,191,0,565,0,0,0,0,0,0
1772162155_C53_A11,0.6156693321336403,5,0,3,0,0,22,19,11,0,254,392,159,165,687,0,0,0,0,0,0
1772162156_C56_B5,0.6666778991013949,0,0,3,0,0,0,0,0,0,5520,0,0,0,0,0,0,0,0,0,0
1772162156_C23_D8,0.4939674159809992,0,0,4,0,0,0,0,4,0,25,493,737,147,1065,0,0,0,360,976,0
1772162155_C83_F11,0.9300576058392434,0,0,17,0,0,6,0,0,0,0,0,0,0,0,0,0,0,3514,0,0
1772162156_C86_G5,0,0,0,0,0,0,0,0,0,0,942,0,0,0,0,0,0,0,0,0,0
1772162155_C23_D8,0.5831245882047598,0,0,0,0,10,0,583,0,455,4247,593,449,538,818,0,179,0,0,0,0
1772158101_C91_H6,0.563935172105184,0,0,0,0,0,0,142,0,353,6421,325,100,0,301,0,0,0,0,0,0
1772162155_C24_D7,0.5803519127381932,0,3,0,0,274,46,0,0,0,3641,537,575,711,217,0,0,0,0,0,0
1772162155_C85_G6,0.6076508259835274,0,0,0,0,0,0,1414,0,0,549,36,153,291,713,0,0,0,270,0,0
1782159146_C69_D6_2,0.5570286671172137,0,0,0,0,0,0,22,0,37,441,458,177,72,503,0,0,0,0,0,0
1772162155_C88_G12,0.6028387018153738,0,0,0,0,0,5,0,0,3,2927,494,70,598,611,0,320,0,0,658,0
1772162156_C03_A1,0.568466908184664,0,0,0,0,0,2,10,0,7,6013,345,64,102,678,0,0,0,0,0,0
1772162156_C20_D2,0.5326153403246946,0,0,0,0,0,4,25,0,80,766,273,214,37,664,0,0,0,31,12,0
1772162156_C96_H10,0.5430359980331525,0,0,2,0,114,0,771,0,745,1092,65,184,189,43,0,0,0,0,0,0
1772162155_C71_D11,0.5968941665534779,0,0,0,0,0,0,0,0,426,6227,321,83,406,225,0,0,0,0,0,0
1772162155_C77_E11,0.6168396200937758,0,0,0,0,0,3,1870,0,0,1497,173,0,112,475,0,0,0,0,0,30
1772162155_C44_H2,0.6270534533521985,0,0,0,0,0,0,1249,0,0,7988,0,3,0,35,0,3,0,0,0,0
1782159143_C78_E10,0.6637337756228059,0,0,0,0,0,0,389,6,1543,2201,0,0,0,529,0,0,0,0,0,0
1772162156_C02_A2,0.5468707175083831,25,0,0,0,191,285,833,0,266,4718,127,117,73,58,0,0,0,0,0,0
1782163196_C78_E10,0.492773980933936,0,0,0,0,3,400,0,522,382,1876,832,1259,388,2228,0,0,0,0,0,0
1782159146_C95_H11_2,0.6023801696710426,0,56,0,0,0,0,0,2,4,1118,175,227,39,612,0,0,0,0,134,0
1782163195_C03_A1,0.5858267747088587,0,0,0,0,0,286,614,0,3,12560,280,18,172,87,0,169,0,0,0,0
1772162156_C18_C7,0.5924896064781351,0,0,0,0,13,0,42,303,155,11393,1000,1975,349,4320,0,0,0,0,0,0
1782159146_C67_D4_2,0.6078979665122272,0,0,0,0,0,0,0,4,11,8469,7,0,0,542,0,0,0,0,0,0
1772162156_C90_G10,0.5818721154914177,0,0,0,0,21,67,77,2,0,1567,346,35,590,390,0,0,0,81,0,0
1772162155_C62_C5,0.47448221566391646,0,0,51,0,0,0,22,17,392,880,203,216,0,123,0,0,0,0,0,0
1772162155_C16_C9,0.6234004684146214,0,0,0,0,0,0,2,0,0,3871,6,6,79,1549,0,0,0,0,0,0
1772162155_C37_G1,0.6205845507023902,0,0,6,0,0,12,0,2,0,5942,69,317,388,255,0,0,0,0,0,0
1772162155_C65_C11,0.591603303746614,44,0,0,0,0,515,61,0,0,10349,388,36,237,1613,0,0,0,0,0,0
1772162156_C06_A7,0.5434163658985794,37,0,0,0,0,96,0,0,0,4293,19,7,0,168,0,0,0,0,0,0
1782147044_E7,0.5715089128926075,174,0,0,0,0,754,6,9,107,5202,289,423,244,552,0,0,0,0,0,0
1772162155_C81_F4,0.5492617369820323,810,0,0,0,3,3,59,0,609,4638,149,766,203,1658,0,0,0,0,0,0
1772162155_C80_F5,0.544471683532968,0,0,0,0,44,15,0,0,0,9076,0,277,49,219,0,0,0,0,0,0
1782159143_C63_C6,0.5526381529023902,0,0,0,0,0,2,0,0,35,512,30,22,58,97,0,0,0,0,0,0
1772162155_C52_A10,0.5843053981228731,0,0,0,0,0,215,706,0,86,7389,153,55,0,739,0,0,0,0,0,0
1782163196_C27_E3,0.6196603047099649,0,0,0,55,0,0,0,0,0,8899,1111,558,585,3054,0,0,0,0,0,17
1782163195_C36_F9,0.5740778210157315,0,0,0,0,0,57,0,302,142,2366,274,617,185,758,0,0,0,0,0,0
1782147044_G1,0.5930662084067361,0,0,0,0,0,3,192,0,1094,5121,429,304,255,1591,0,0,0,0,0,0
1782147044_D6,0.5075107318231669,488,0,2,0,0,2,159,0,448,2120,261,31,0,100,0,0,0,0,0,0
1772162156_C01_A3,0.5986195420314515,0,0,0,0,0,2,0,0,0,798,319,0,4,698,0,0,0,0,0,0
1772162156_C14_C2,0.649666232024636,0,0,0,0,0,404,0,0,108,10200,0,0,353,1027,0,0,0,0,0,0
1782163196_C65_C11,0.6120036762012672,0,0,0,0,0,337,46,0,0,13418,377,1175,693,2549,0,0,0,0,0,0
1772162155_C13_C3,0.5636588264990212,0,0,1756,45,603,33,215,0,0,4088,210,786,21,396,0,114,0,248,0,0
1782159143_C60_B12,0.6700652921242752,0,0,7,0,0,14,0,0,757,1158,200,95,0,3,0,0,0,0,0,0
1782159141_C44_H2,0.6269051657429946,0,0,0,81,0,26,575,0,0,4184,230,190,132,1191,0,0,0,0,0,0
1782163195_C50_A5,0.6501480174131352,0,0,0,0,0,0,0,17,407,1375,0,0,0,71,0,0,0,0,0,0
1772158101_C62_C5,0.6499862705823779,0,0,0,0,0,0,0,0,0,1228,211,691,23,281,0,0,0,0,0,0
1782163196_C34_F7,0.6130274791909135,0,0,0,0,0,0,0,0,0,12480,705,5,3388,3900,0,0,0,0,0,0
1772158101_C07_B3,0.588466014038133,12,0,0,0,0,42,0,0,2,7300,345,295,521,1524,0,0,0,0,0,0
1782163195_C75_E4,0.5859389855011835,0,0,0,0,0,10,2,0,13,2326,616,588,249,1005,0,0,0,0,0,0
1782159141_C64_C10,0.5560257452937464,282,0,0,0,0,12,257,0,37,1943,309,175,326,894,0,0,0,0,0,0
1782159141_C66_C12,0.6479534850045852,0,0,30,83,0,0,0,0,0,5239,0,0,0,0,0,0,0,0,0,0
1782159143_C14_C2,0.5612122002353424,581,0,0,0,0,1043,2,0,7,8115,446,311,136,1495,0,328,0,0,0,0
1782159141_C54_A12,0.5723366295884789,0,0,89,0,0,0,0,0,25,3600,670,301,131,1208,0,0,0,0,0,0
1772162155_C10_B9,0.553641665618511,0,0,0,0,0,298,746,0,354,3908,1009,1459,872,2915,0,0,0,0,0,0
1772158101_C87_G4,0.6654199775995211,0,0,0,0,0,0,10,0,0,496,37,0,0,0,0,0,0,0,0,0
1772158101_C90_G10,0.5326290919410164,368,0,0,0,0,56,555,171,27,0,0,0,539,35,0,0,0,0,0,0
1772162155_C06_A7,0.4877489103349593,103,82,0,0,0,33,576,23,232,75,190,45,42,68,0,0,0,0,0,0
1782147158_C36_F9,0.6211771200485281,0,0,0,0,2,0,0,0,0,20447,1708,0,0,201,0,0,0,0,0,0
1782163196_C19_D3,0.7006078324529214,0,0,4,301,0,7,62,373,0,0,0,0,0,0,0,0,0,0,0,1992
1772162156_C24_D7,0.7002959611598035,0,0,0,0,0,3,23,0,7,0,0,0,0,0,0,0,0,0,0,0
1772158101_C41_G8,0.509215012340937,12,0,2437,0,0,0,39,0,2,1751,0,0,14,109,0,0,0,0,0,0
1772158101_C85_G6,0.6975116725719867,0,0,0,0,0,326,9,7,0,3549,0,62,0,0,0,0,2,0,0,0
1772162155_C01_A3,0.20163616301188314,1112,2203,2122,0,0,0,0,0,0,0,6,1,8,0,0,0,0,0,0,0
1772158101_C54_A12,0.2450390181083268,0,502,329,370,122,56,0,0,49,0,71,57,148,22,0,0,0,6,1272,0
1772158101_C80_F5,0.19924294401199646,1014,1303,1482,773,5,79,312,0,200,0,0,0,80,0,648,0,3,0,36,2228
1782159141_C59_B11,0.1327620628025902,2472,145,4098,803,228,1,17,51,0,0,0,25,98,0,0,0,0,0,121,1613
1782159141_C45_H3,0.19829663932177216,2286,269,6526,157,28,21,0,0,3,31,60,0,0,58,0,0,0,0,0,396
1782163196_C11_B8,0.1462846107191333,512,6593,188,53,0,9,35,0,0,0,90,0,66,0,0,4,0,7,644,876
1782163196_C13_C3,0.18890931822593354,73,2641,1321,1094,274,19,0,0,0,0,0,0,0,0,0,0,0,0,52,14
1772162156_C42_G9,0.14352700312619818,2065,851,36,0,0,3,0,0,0,0,0,0,0,0,0,0,0,1294,102,36
1782163195_C92_H5,0.17530721365066748,617,3138,546,120,13,6,0,0,0,0,7,0,6,15,0,0,0,0,0,1802
1782159143_C48_H9,0.13768111827129256,0,7559,1030,218,0,5,0,4,0,0,0,0,0,26,0,0,0,0,8,0
1782159141_C31_F1,0.11542229452567947,0,175,2437,574,0,159,0,0,0,0,0,0,4,0,0,0,0,0,660,583
1772158101_C10_B9,0.02406519795629296,2644,1014,379,4295,0,0,0,0,0,0,0,0,0,0,0,0,0,0,0,0
1772162155_C79_F6,0.1597909183348499,1870,4185,0,662,0,0,0,0,0,0,17,66,0,0,0,0,0,65,0,0
1782147158_C86_G5,0.16141068955175691,38,1754,178,1011,54,0,449,0,451,0,0,0,0,0,0,0,0,0,122,987
1782163195_C68_D5,0.14170167269081207,288,4476,1486,0,0,0,0,0,0,0,18,54,0,0,0,0,0,0,0,1205
1772158101_C39_G3,0.026260874662218745,5489,2349,23,104,0,0,0,0,0,0,0,0,0,0,0,0,0,0,0,0
1772158101_C03_A1,0.15404792092940486,4,5731,673,82,0,0,0,0,0,0,0,0,0,0,0,0,0,0,24,90
1772158101_C96_H10,0.0987219489252091,0,0,0,0,0,0,0,0,0,0,0,0,0,0,0,0,0,0,1078,0
1772162155_C49_A4,0.17596578801799423,2992,818,106,902,0,0,182,0,14,0,100,0,10,0,0,0,186,0,0,0
1772158101_C59_B11,0.10424385136992546,4,743,4233,617,0,4,0,32,0,0,0,82,0,0,0,0,0,0,0,1553
1772158101_C71_D11,0.15207371251000135,1865,895,2966,3,0,28,0,8,0,0,0,0,73,0,0,0,0,0,0,0
1782147158_C37_G1,0.26091583173504207,47,733,1999,75,0,1,0,0,0,0,0,43,82,63,0,0,81,0,12,337
1772158101_C01_A3,0.2357248467488546,0,424,37,189,3,65,155,16,0,0,11,0,0,0,0,0,0,0,0,794
1772162156_C09_B1,0.16845683440258155,1716,789,3698,397,0,353,13,0,0,0,10,20,0,0,0,0,0,0,351,1119
1772158101_C23_D8,0.22434114035728275,17,209,3425,0,0,0,22,0,0,0,0,112,0,0,0,0,0,0,755,630
1772158101_C38_G2,0.21240558701784973,1181,22,814,1042,100,627,68,0,5,0,0,149,30,104,0,21,0,75,0,94
1772158101_C55_B4,0.18348584801103573,1473,120,1482,1775,0,0,0,0,33,0,0,0,0,0,0,0,0,0,40,452
1772158101_C21_D1,0.1574566195624831,1968,4276,1625,314,0,0,0,404,0,0,31,137,58,0,0,26,0,0,0,23
1772158101_C33_F3,0.26611783223935703,6,1326,0,209,1,47,1212,0,0,0,0,0,0,0,0,0,0,0,2765,1964
1782159143_C04_A9,0.174747343138837,642,440,4058,202,44,50,0,0,58,0,66,0,0,0,279,0,0,0,3,2197
1782159141_C84_F10,0.1765315506265539,778,2001,345,556,2,0,51,0,0,0,34,0,6,95,0,0,0,0,0,985
1772158101_C78_E10,0.022307453101343237,0,0,255,0,0,0,0,0,0,0,0,0,46,0,0,0,0,0,0,0
1772158101_C16_C9,0.16664538519152078,1302,38,2479,978,0,3,0,0,0,0,0,0,0,0,0,0,0,0,0,0
1772158101_C36_F9,0.12572024117764025,1455,244,3294,472,0,0,584,0,0,0,6,0,0,0,0,0,0,0,0,0
1772158101_C86_G5,0.16766393820628256,1652,4089,153,431,48,0,3,0,0,0,3,0,96,0,0,0,0,0,2,66
1772158101_C79_F6,0.2087096731279272,830,265,3724,216,0,65,265,15,0,1,0,0,27,67,0,0,0,0,860,1033
1772158101_C76_E12,0.182526263308955,2,1131,2530,1728,56,31,957,0,0,312,72,151,92,29,0,0,0,0,699,1947
1782163195_C76_E12,0.18218357090707324,526,2083,1755,75,0,1,0,0,0,113,54,345,40,0,0,0,0,0,892,1148
1782163195_C30_E9,0.15925104366740434,248,3676,1995,1,0,0,10,0,3,0,141,0,217,116,0,0,0,0,0,0
1772158101_C68_D5,0.1619889463496738,1464,2421,684,51,1,18,8,0,0,4,143,6,63,0,0,0,0,0,0,0
1772158101_C51_A6,0.16546294629610156,967,455,5401,30,20,6,26,0,121,0,7,0,7,76,0,0,0,0,145,854
1772162155_C47_H8,0.0838371852334702,1,0,26,91,0,0,0,8,0,0,0,0,0,0,0,4,0,143,0,16
1772158101_C49_A4,0.27157784884122727,0,973,3269,18,17,45,0,0,14,0,0,22,0,31,0,0,0,0,0,0
1782159143_C95_H11,0.18734494018997488,1,0,1,0,0,0,0,0,0,0,0,0,0,0,0,0,0,0,0,0
1772158101_C60_B12,0.16942441548202122,3003,1054,6,1054,0,202,0,0,0,0,0,45,6,92,0,0,0,0,0,6
1772158101_C64_C10,0.16564568137499305,1103,2290,748,21,0,1,24,1,0,0,50,58,0,0,0,0,37,2,951,1078
1772158101_C53_A11,0.17843214898664433,1312,59,2,143,0,2,0,0,298,0,0,0,0,0,0,6,0,0,0,0
1772158101_C31_F1,0.10773850672270069,392,10012,5,0,0,0,0,0,0,0,0,0,0,0,0,0,0,0,0,2220
1782163196_C30_E9,0.21592533611132522,1,1258,1232,146,2,0,0,0,0,0,63,106,0,116,0,94,0,0,310,2546
1772158101_C19_D3,0.18744211401263142,2335,642,388,3,3,0,0,0,0,0,6,0,0,0,0,0,0,0,0,26
1782163196_C49_A4,0.23172307461521793,1136,44,1173,72,7,69,197,0,171,0,12,0,1,0,0,0,0,0,94,96
1772158101_C82_F12,0.1712050446939757,1485,995,1962,46,163,0,1,0,0,0,0,14,0,0,0,0,8,0,863,374
1772158101_C83_F11,0.08397358482225642,2,52,11423,0,0,8,0,0,0,0,0,0,0,0,0,0,0,0,0,2
1782159143_C15_C1,0.16574559420240678,2016,1048,66,7,0,0,0,1181,0,0,0,0,94,0,0,0,0,0,0,0
1772158101_C09_B1,0.10173758619051021,0,0,0,0,0,592,0,0,0,0,0,0,0,0,0,0,0,0,0,0
1782163196_C76_E12,0.15885588536123166,270,10202,98,423,0,0,10,0,0,0,0,0,27,0,0,0,0,0,0,14
1772158101_C46_H7,0.20069983673237246,172,228,932,303,55,0,0,0,0,0,0,0,0,0,0,0,0,0,0,34
1772158101_C20_D2,0.049390602865181425,9,8,0,0,0,0,0,0,0,0,628,0,0,0,0,0,0,0,0,878
1772162156_C17_C8,0.15430483032848147,2283,6206,6524,4,0,0,0,0,0,0,145,120,5,9,0,0,0,0,14,1041
1772158101_C84_F10,0.28821949579429923,0,2147,14,421,7,18,1204,0,0,0,0,0,0,33,0,0,0,0,0,0
1772158101_C08_B2,0.13278295434406764,2893,6287,192,0,0,840,416,0,1,0,3,147,200,224,0,0,0,0,0,7
1772162156_C74_E5,0.10251779924126289,1043,1546,3081,910,0,1,11,0,0,0,116,0,0,0,0,0,0,0,0,118
1772158101_C11_B8,0.14257655151619206,253,42,207,0,1,0,11,0,0,9,0,92,166,179,0,0,0,0,1245,23
1782147158_C63_C6,0.20408102676946235,1043,1253,4517,15,66,2,7,0,1,0,0,0,2,14,0,0,0,0,2,544
1772162155_C43_H1,0.1180103396737157,3905,1504,3262,0,3,0,157,0,0,0,0,0,0,0,0,0,0,0,0,642
1772158101_C04_A9,0.05465809670908763,0,3,0,0,0,2,0,0,0,0,0,0,0,0,0,0,0,0,0,0
1772158101_C73_E6,0.04905800745941842,0,518,233,0,0,0,0,0,0,0,0,3,0,0,0,0,0,0,0,0
1782163196_C36_F9,0.15466152254009374,1976,974,518,340,0,741,0,0,0,0,5,0,0,0,0,5,0,0,747,1898
1782163196_C03_A1,0.1543415858859049,33,496,2619,220,0,0,6,7,0,0,0,0,0,0,0,0,0,0,81,2344
1782163196_C88_G12,0.15883043887888565,75,3162,3507,17,0,30,0,0,0,0,105,165,25,0,0,0,0,0,88,402
1782163196_C51_A6,0.1513436562216289,497,0,3,3,0,6,0,0,0,0,65,0,0,0,0,0,0,0,7,0
1782163196_C46_H7,0.2596085624666359,0,2252,16,0,98,1490,0,71,0,0,0,0,175,0,0,0,0,0,1510,1341
1782159143_C83_F11,0.127940899031012,2274,1861,3970,2054,184,0,0,0,0,0,0,105,0,47,0,0,0,0,0,2831
1772158101_C92_H5,0.24342004362555172,82,1366,6532,29,0,0,162,0,0,0,0,187,0,34,0,2,0,0,0,688
1772158101_C05_A8,0.11655493456027186,1253,3738,2,0,0,0,2,0,0,2,0,0,0,2,0,0,247,0,5,541
1782163195_C62_C5,0.10949511993037095,0,5996,683,15,1,0,0,0,60,0,53,0,0,0,0,0,0,0,0,238
1772158101_C57_B6,0.23437726158672653,309,565,1341,0,0,0,289,0,0,20,0,62,4,0,0,259,4,0,5,0
1772158101_C88_G12,0.1397138296314885,0,2732,136,167,0,251,6,0,44,0,92,148,123,0,0,0,0,0,1046,2085
1772162156_C68_D5,0.1525619919844589,1,59,151,86,0,0,0,0,21,0,0,0,0,0,0,0,0,0,0,0
1782163196_C56_B5,0.13476611618349166,10,184,1184,0,88,1,0,0,0,0,0,0,0,0,0,0,0,0,0,0
1782163196_C75_E4,0.14893847651875386,6,4116,246,48,0,1,198,0,13,0,3,0,22,7,0,0,44,0,0,0
1772158101_C72_D12,0.15960843015476667,1671,6638,2663,607,0,9,445,0,4,0,3,0,0,0,0,555,0,0,0,0
1772162155_C03_A1,0.172463771807242,1053,1851,1928,87,0,0,90,190,0,0,0,0,64,3,0,0,0,0,0,0
1782163196_C80_F5,0.14495911366072967,0,52,0,0,0,259,0,0,0,0,51,0,0,0,0,0,0,0,0,0
1772158101_C50_A5,0.14473927738457737,189,10885,1167,1173,0,0,0,0,118,0,213,0,101,0,0,2,0,0,557,694
1782163196_C48_H9,0.16600581611425894,759,1977,105,0,0,4,0,0,49,0,21,11,40,50,0,0,6,0,10,496
1782163196_C70_D10,0.30567976764892374,0,0,669,135,8,0,0,0,0,0,0,16,0,0,0,0,0,0,0,0
1772158101_C74_E5,0.18699038000043153,1193,2909,482,0,0,0,0,0,4,0,4,0,0,0,0,0,0,0,11,0
1782147158_C88_G12,0.17945734219227724,0,4309,530,619,0,0,78,284,0,21,60,0,0,0,0,0,0,0,18,0
1782163196_C53_A11,0.186346847781175,0,2434,18,0,0,0,1562,0,0,3,6,397,0,0,0,0,0,0,0,0
1782163196_C73_E6,0.7512523398226015,0,0,0,0,0,2,0,0,0,0,14,0,87,224,15457,2972,262,1856,18182,26348
1782163196_C10_B9,0.7853239424157263,3,3,0,0,0,0,0,0,0,0,98,0,0,208,2109,9,78,1134,17290,28854
1772158101_C56_B5,0.9681217485849469,0,0,2677,0,0,0,0,0,0,0,0,0,0,0,2006,0,131,0,3053,4459
1782163196_C63_C6,0.7293722319767034,0,0,17,0,0,0,0,0,0,0,685,660,4,494,4293,2838,573,3813,24223,30197
1782159141_C93_H4,0.742639951231565,0,0,0,9,0,241,187,0,0,0,5,0,484,473,4850,252,5,207,15668,23052
1782147158_C74_E5,0.7713962030946734,0,0,0,5,0,0,0,0,0,0,318,117,25,83,3474,683,205,1172,19816,18998
1782163196_C72_D12,0.9527679783397258,16,49,101,73,0,0,590,0,0,89,109,12,0,89,768,194,4,8,5122,7879
1782163195_C47_H8,0.7618969256879783,0,0,2,314,0,0,0,0,0,94,180,138,80,751,4552,1100,1652,1339,28798,39813
1782163196_C93_H4,0.7485741063867085,0,0,83,0,0,0,0,0,0,0,252,0,0,155,4393,1435,5,1669,21311,14794
1782147158_C67_D4,0.7706903756244118,0,0,1422,0,0,0,0,0,0,0,23,0,0,190,7238,77,194,3337,9969,45728
1782159141_C94_H12,0.7632356150952906,0,0,2063,0,0,2,0,0,0,0,0,0,0,47,3747,259,0,201,2013,34292
1772162156_C62_C5,0.9305579515451239,0,9,14,0,0,0,0,0,0,2606,0,0,0,260,175,0,0,0,322,2493
1772162155_C42_G9,0.7512126298019103,0,0,0,38,0,954,13,0,0,0,1057,535,0,890,3237,913,346,16,1021,28677
1782163195_C10_B9,0.7219674493146686,0,0,0,0,0,1534,0,0,0,0,0,0,0,400,334,534,0,600,2935,40422
1782147158_C38_G2,0.9687988316705781,0,0,57,0,0,0,0,0,50,0,0,0,140,0,181,0,1202,1,1056,8948
1782163196_C66_C12,0.9598235719247195,0,0,95,0,0,0,114,0,0,0,265,8,0,539,897,0,0,202,175,13656
1782163196_C59_B11,0.3785937787189377,1454,343,25,389,0,0,7,0,0,2356,393,72,0,201,0,0,0,0,8536,9
1782147158_C05_A8,0.7650524986693348,0,0,0,0,0,13,0,0,7,0,243,0,3,72,1253,1515,384,476,1958,36577
1782163195_C44_H2,0.7939330837788408,0,0,0,0,0,0,0,0,0,0,37,571,286,9,1265,1931,102,1887,19354,25932
1782163196_C55_B4,0.7360539068410973,0,0,0,0,0,0,0,0,0,0,0,0,0,45,109,2411,36,1620,11077,28931
1782147158_C50_A5,0.7439022344274425,0,0,4,0,0,0,0,0,0,0,303,0,434,1301,9220,0,161,35,24234,33667
1782147158_C59_B11,0.7555557655224941,508,0,0,0,0,0,0,0,0,0,0,109,3,59,1200,1607,0,1703,17633,30127
1772162155_C58_B10,0.7547741268021958,0,0,0,0,0,0,2,0,0,0,98,125,0,502,2746,548,0,1105,12829,23666
1782163196_C20_D2,0.7850701740873315,1326,0,0,0,0,0,0,0,0,0,49,0,233,84,2180,123,0,265,8099,40490
1772158101_C65_C11,0.7672783421004639,0,0,0,0,0,301,0,0,0,0,325,4,127,64,6061,513,792,584,7699,35201
1782163196_C09_B1,0.7605681605031017,0,0,0,0,0,632,0,0,169,0,539,171,31,1305,4829,2110,98,996,29920,40816
1782147158_C53_A11,0.7627229017010153,0,0,0,0,0,0,0,0,0,0,88,61,51,155,3215,1603,239,1306,12360,48241
1782147158_C73_E6,0.7830890016419906,0,0,3,0,0,0,0,0,0,0,322,0,43,224,5127,811,8,1639,28990,34507
1782147158_C51_A6,0.43211067797320896,0,0,0,0,0,147,13,22,147,83,0,0,0,0,0,0,0,0,0,0
1782147158_C58_B10,0.5348526909047765,0,0,0,0,0,0,0,0,0,5144,0,0,0,0,0,0,0,0,0,0
1782163196_C50_A5,0.617153343960199,0,39,0,0,0,0,0,0,72,2074,0,29,0,111,0,0,0,0,0,0
1782163196_C15_C1,0.6224362499674907,0,0,0,0,0,0,0,0,53,17268,0,378,185,673,0,0,0,0,0,0
1782147158_C06_A7,0.5680154628683741,199,0,0,0,0,419,139,0,58,9094,277,264,86,722,0,549,0,0,0,0
1782147158_C39_G3,0.6431797283564117,0,0,0,0,0,0,0,0,0,6148,89,0,0,131,0,0,0,0,0,0
1782147158_C80_F5,0.5691583992490669,0,0,0,10,0,38,236,12,27,11440,79,29,171,175,0,0,0,0,0,0
1782147158_C92_H5,0.5889495264236899,0,0,0,0,0,402,976,0,0,972,413,283,361,1061,0,0,0,0,0,0
1772162155_C96_H10,0.6493168683614713,0,6,0,0,0,0,0,0,0,2135,6,94,0,88,0,0,0,0,0,0
1782147158_C77_E11,0.7131390675430203,0,0,0,0,0,0,0,17,0,963,0,6,23,17,0,0,0,0,0,0
1782147158_C72_D12,0.5946677240922066,0,0,0,0,0,3,53,26,0,7607,326,29,231,442,0,0,0,0,0,0
1782147158_C04_A9,0.6257554064478182,0,0,0,0,0,0,0,0,0,4355,0,0,0,44,0,0,0,0,0,0
1782163196_C91_H6,0.5688651496743822,0,0,6850,0,1103,0,1833,0,910,552,2,89,34,93,0,0,0,0,0,0
1782163195_C56_B5,0.5682155106396576,321,0,0,0,0,212,4,0,385,1248,119,25,53,278,0,0,0,41,0,0
1782147158_C75_E4,0.6651358072430361,0,0,0,0,0,0,105,0,0,1276,508,0,68,192,0,1468,0,0,0,0
1782147158_C49_A4,0.5985585951993314,0,0,0,0,0,14,445,59,0,7456,384,36,121,628,0,0,0,0,0,0
1782147158_C13_C3,0.6421513450702213,0,0,0,4,0,0,4,0,0,3175,4,0,47,0,0,0,0,0,0,4
1782147158_C12_B7,0.6150284218502677,0,0,0,0,0,102,0,0,0,10128,67,156,245,504,0,0,0,0,0,0
1782147158_C61_C4,0.5810180760536096,0,64,654,0,0,0,6,0,0,2017,6,79,29,318,0,0,0,0,0,0
1782147158_C85_G6,0.6725341213412366,0,0,0,0,0,0,0,0,0,28571,0,0,0,0,0,0,0,0,0,0
1782147158_C82_F12,0.5567291831164408,0,0,0,0,0,438,52,0,0,1961,0,0,24,26,0,0,0,0,0,0
1782147158_C14_C2,0.6011467899107132,0,0,0,0,0,0,0,0,0,504,96,202,121,564,0,0,0,0,0,0
1782147158_C96_H10,0.5306039776109159,0,0,0,0,0,1406,122,55,0,583,57,9,0,94,0,0,0,24,0,0
1782163195_C78_E10,0.5685862616577942,3,0,0,0,23,812,77,0,94,907,60,31,46,31,0,9,0,74,0,0
1782147158_C08_B2,0.633551984413831,0,0,0,0,0,8,0,0,0,2277,0,303,222,257,0,0,0,0,0,5721
1782147158_C29_E8,0.5981960166242208,39,0,0,0,0,9,0,0,0,1296,164,0,423,380,0,0,0,0,0,0
1782147158_C03_A1,0.5761798937968486,185,0,0,3,0,101,39,49,29,4148,36,217,165,214,0,0,0,16,0,0
1782163196_C21_D1,0.5586687141820978,0,0,0,0,0,131,50,0,0,2561,377,410,430,326,0,9,0,71,0,0
1782147158_C18_C7,0.5789861608172339,75,0,0,0,0,3881,0,124,0,3657,672,672,821,2960,0,0,0,2214,0,0
1772162156_C32_F2,0.6282717671068202,0,0,0,0,0,0,0,270,0,7683,0,502,72,1486,0,0,0,0,0,0
1782147158_C01_A3,0.4223677451023409,0,0,0,13,0,0,55,0,10,613,157,273,154,343,0,433,0,0,0,0
1782147158_C28_E7,0.5848095479198305,0,0,0,0,0,0,268,0,0,603,769,98,114,474,0,0,0,0,0,0
1782147158_C22_D9,0.5885949825091241,0,0,0,0,0,0,5,0,0,594,0,0,5,20,0,0,0,519,0,0
1782147158_C95_H11,0.5776181459346128,0,0,0,0,0,821,0,0,838,8312,368,814,721,792,0,0,0,0,0,0
1782147158_C42_G9,0.575782629175674,0,0,0,0,0,737,2,15,451,12788,180,231,462,509,0,444,0,0,0,0
1782147158_C33_F3,0.5749719322225972,0,0,0,4,0,0,0,0,0,1632,120,116,335,342,0,0,0,0,0,0
1782147158_C30_E9,0.6132349555647684,0,0,0,0,0,789,0,0,0,5111,0,0,0,0,0,0,0,0,0,0
1782147158_C87_G4,0.5537673783542052,447,0,10,0,0,345,1737,35,322,3784,87,83,40,60,0,0,0,0,0,0
1782147158_C15_C1,0.56799952911045,0,0,0,2,0,33,0,0,0,1737,142,193,52,171,0,0,0,0,0,0
1782147158_C60_B12,0.5853019836166992,538,0,4,0,0,0,0,0,0,1571,82,450,317,503,0,0,0,190,0,16
1782147158_C17_C8,0.5512403520365707,0,0,0,0,0,33,2,263,0,3074,157,0,87,170,0,0,0,312,0,0
1772158105_C20_D2,0.6454302416945339,26,0,0,0,0,0,2,0,0,14191,355,112,240,51,0,0,0,0,0,0
1782163195_C80_F5,0.6507662825446854,0,0,0,0,0,0,0,0,0,3683,32,0,0,0,0,0,0,0,0,0
1782147158_C19_D3,0.5630448320695542,423,0,0,0,0,3,92,0,460,499,186,107,73,213,0,0,0,0,0,0
1782147158_C78_E10,0.5504558918269695,285,0,0,0,0,540,130,36,0,2370,32,405,113,275,0,0,0,48,0,0
1782147158_C71_D11,0.9497982258401213,0,0,0,0,0,0,3,0,0,3780,0,0,278,0,0,0,0,0,0,0
1772158105_C40_G7,0.3244570404688026,181,459,2,0,13,40,49,0,13,197,45,11,52,25,0,0,0,9,0,0
1782147158_C10_B9,0.5592783513561916,196,0,0,0,0,0,3,0,0,4928,194,13,0,0,0,0,0,0,0,0
1782147158_C27_E3,0.6532454271383744,0,0,0,0,0,66,784,0,200,9221,56,62,0,285,0,92,0,0,0,0
1782147044_B10,0.5183458462624027,0,0,0,0,0,110,20,526,14,470,102,18,0,0,0,0,0,0,0,0
1782147158_C02_A2,0.5869913913941207,0,0,0,0,0,18,0,0,36,2629,0,7,4,39,0,0,0,0,0,0
1782163196_C08_B2,0.5754525082692932,0,0,3,0,0,0,649,21,0,297,222,369,451,243,0,0,0,0,0,0
1782147158_C89_G11,0.7646317618315658,3,7,3,99,0,0,0,0,0,0,491,3,13,583,718,0,1071,3,5267,8957
1772158105_C31_F1,0.7111025159723935,0,0,0,0,0,0,0,0,0,0,9,0,0,124,448,4,0,31,603,6276
1782163196_C79_F6,0.7458844000163043,0,0,0,0,0,3,0,0,0,0,3,226,0,535,391,3,1139,0,5378,12702
1782147158_C07_B3,0.7333853701478392,0,0,0,0,0,0,0,0,0,0,0,210,42,353,215,3991,4,0,8872,9216
1782147158_C41_G8,0.7224600227940182,0,0,0,23,0,0,0,0,2,0,228,248,139,1122,993,1255,30,280,9426,21303
1782163196_C71_D11,0.7841306236977647,0,0,7,0,0,2,0,0,0,0,66,111,113,7,3418,857,7,590,9730,16559
1782163196_C17_C8,0.7600564511639802,0,0,2,0,0,5,0,0,0,0,228,498,234,1197,2995,1161,737,878,39369,34304
1782163196_C94_H12,0.7612978476453908,0,0,0,0,0,0,0,0,2,0,143,1100,37,1674,432,1331,162,1653,5289,33556
1782147050_C88_G12,0.7756984322138247,0,0,0,0,0,0,0,0,22,0,234,54,32,517,5383,1190,413,136,13580,22807
1782159149_C36_F9_2,0.7487591299493856,0,0,2,0,0,0,0,0,0,0,0,297,0,2,757,20,2056,449,1265,11812
1782163196_C83_F11,0.7291279247736536,0,0,14,0,0,115,0,0,0,0,5,69,16,1623,1175,14,110,964,9355,10456
1782163196_C06_A7,0.7097686376703988,0,0,3,464,0,0,0,0,3,0,0,102,0,430,3012,10,0,0,3609,9654
1782147113_C58_B10,0.760380189320045,0,358,3,0,0,3,3,0,0,0,15,18,6,56,733,298,337,236,2967,13122
1782159150_C31_F1_2,0.7444808231979143,0,0,0,14,0,227,0,0,0,8,521,106,275,2828,213,2909,112,28,560,7967
1782163196_C58_B10,0.7847598398548844,0,0,0,0,0,9,0,0,0,0,148,312,321,434,527,1460,2397,317,5320,28737
1782163196_C18_C7,0.7882275302883955,338,0,0,2,0,0,0,0,15,0,222,25,126,897,831,1722,783,614,5157,22721
1782163196_C60_B12,0.7754159969918861,0,0,2590,0,0,0,275,0,2,0,202,23,151,160,1771,1506,311,1416,9072,30813
1782163196_C85_G6,0.772565050719289,0,0,0,2,0,0,0,0,0,0,109,0,16,45,1702,488,0,508,12987,25191
1782159149_C53_A11_2,0.7687273536629249,0,0,9,0,0,0,0,0,0,0,0,99,44,97,3768,2094,189,2043,15481,38142
1782159150_C84_F10_2,0.7493243589975993,0,0,0,0,0,17,0,0,0,0,0,208,13,424,876,682,57,732,7664,14004
1782163196_C95_H11,0.7812659870249549,2318,0,0,2,0,0,0,0,0,129,181,200,129,686,3267,1161,176,370,3685,15775
1782163196_C82_F12,0.7383371223424995,0,0,0,0,0,2,0,0,4,0,226,220,142,957,420,1208,0,1080,7972,21008
1782159149_C12_B7_2,0.7674879419890129,0,0,0,0,0,0,0,8,0,0,138,74,333,1182,494,469,34,914,6666,28830
1782159149_C27_E3_2,0.7412824039337009,0,0,0,0,0,828,0,0,0,0,186,0,370,543,81,23,0,1280,10076,15857
1782159150_C24_D7_2,0.77665163546019,0,0,0,0,0,0,0,0,374,0,529,115,254,765,1825,1686,338,1299,13952,23648
1782159150_C20_D2_2,0.7914489052236064,0,0,0,12,0,36,0,0,24,140,172,320,164,952,2576,684,1452,512,5071,23100
1782159150_C75_E4_2,0.779296740254412,735,0,0,0,0,0,40,0,0,0,213,161,156,561,3838,514,1462,522,7637,22272
1782159149_C08_B2_2,0.7434777846754597,0,0,0,0,0,0,0,0,0,305,4,331,490,1067,1402,4,61,264,9319,16332
1782159149_C30_E9_2,0.7464733772159602,0,0,0,0,0,0,0,0,2,2,447,508,467,574,735,133,26,629,10745,13004
1782159150_C02_A2_2,0.7791153648759238,0,0,1158,0,0,0,0,0,4,4,419,78,328,336,3376,1458,2027,771,6544,17275
1782159150_C13_C3_2,0.7807583575268153,0,0,0,115,0,0,0,0,514,0,111,247,232,213,1810,98,1866,618,5625,13893
1782147113_C30_E9,0.7607966219810609,0,0,0,2,0,0,0,0,23,0,38,36,234,544,677,249,338,422,6906,12670
1782159149_C60_B12_2,0.7897089484753383,184,0,1491,0,0,14,0,0,0,0,6,87,114,489,2460,282,229,410,12572,30430
1782159149_C68_D5_2,0.7517211168804049,0,0,226,0,0,0,0,0,2,0,0,0,0,334,611,2402,0,789,2269,10472
1782159150_C17_C8_2,0.7733432080739191,0,0,2,53,0,0,0,0,0,0,138,375,104,271,1973,1775,128,865,15065,14456
1782159150_C23_D8_2,0.7738375231608176,10,0,0,0,0,2,188,0,2,133,503,252,65,420,505,2382,217,602,15396,16664
1782159149_C25_E1_2,0.7843495256607411,0,0,2,0,0,1217,0,0,0,0,0,0,0,162,1601,2021,4,1012,13539,16975
1782147045_D4,0.7819089255774139,0,0,1113,0,0,26,0,0,295,0,66,109,157,217,1441,212,418,818,7920,21022
1782159149_C46_H7_2,0.773282715646572,47,0,0,0,0,0,0,0,0,0,292,103,202,219,1572,3751,1327,311,24441,19495
1782159150_C45_H3_2,0.7243770503741357,0,0,0,0,0,0,0,0,0,0,105,30,956,37,1749,5,2,0,7421,16760
1782159149_C77_E11_2,0.7370311511885019,0,0,4,0,0,0,0,0,4,0,0,32,165,498,1935,68,1122,11,5473,23283
1782159149_C42_G9_2,0.7697836489056284,0,0,0,0,0,129,0,0,0,0,0,108,0,605,29,6,803,1133,9864,14438
1782159149_C31_F1_2,0.7835370850657434,1447,0,4,0,0,0,0,0,0,308,0,0,109,39,5,42,0,706,8247,6834
1782159150_C77_E11_2,0.7205762189162367,0,0,2,0,0,0,0,0,2,0,843,75,9,715,151,5,1109,54,3874,19289
1782159149_C19_D3_2,0.7864310808734746,0,0,5,0,0,157,0,0,402,0,103,111,38,624,4245,1661,11,228,10133,33045
1782159149_C62_C5_2,0.7909271865883025,803,0,0,533,0,0,0,0,0,0,0,0,0,10,22,456,170,575,9032,21389
1782159150_C14_C2_2,0.7607404316960948,0,0,0,0,0,0,0,0,0,0,356,2,391,156,1582,1549,0,260,6908,35392
1782159149_C57_B6_2,0.7337360230481519,0,0,4,0,0,0,0,0,0,0,0,0,19,128,1702,2277,2433,1457,4220,15013
1782159149_C67_D4_2,0.7280097994114079,0,0,0,0,0,0,0,0,191,0,0,0,502,980,8,45,61,68,307,11849
1782159149_C47_H8_2,0.795297380938732,354,7,0,389,0,0,67,530,0,0,486,712,564,1992,824,1253,0,190,3073,1068
1782159150_C19_D3_2,0.7229741707905826,0,0,2,0,0,19,0,0,0,0,0,0,0,190,127,25,588,0,15840,12665
1782159149_C09_B1_2,0.7259578563355209,0,0,2,2,0,4,0,0,4,0,2,835,0,12,70,66,0,6,272,16174
1782159150_C88_G12_2,0.7784794088436948,51,0,2,0,0,5,0,0,0,0,123,69,437,1417,1161,346,3,340,19255,27044
1782159149_C22_D9_2,0.7278676101102972,0,0,0,0,0,0,0,0,0,0,769,1058,59,617,1217,16,1447,1907,12671,31313
1782147113_C16_C9,0.787739485506513,0,0,0,0,0,0,47,0,12,0,155,10,81,261,482,5,39,313,6688,8836
1782147113_C26_E2,0.9732905457306481,0,0,0,0,0,0,0,0,0,0,0,0,0,0,0,0,0,0,0,40000
1782159150_C50_A5_2,0.7499778154392917,0,702,0,1554,0,0,0,0,0,0,158,265,434,2541,14,1008,265,0,539,3608
1782159149_C71_D11_2,0.7292375398919902,0,0,0,0,0,10,0,0,0,0,198,647,186,522,512,0,0,848,1645,5213
1782159150_C46_H7_2,0.7402674465793369,33,0,6,3,0,0,0,0,0,0,3,0,360,336,2082,9,51,1208,9270,23918
1782159150_C64_C10_2,0.7684380278373911,0,0,3,0,0,0,0,0,110,0,202,179,36,657,3061,1162,163,704,1518,23941
1782159150_C15_C1_2,0.7719071902316627,0,0,0,0,0,0,0,0,0,0,35,27,207,146,5557,901,76,311,6179,13967
1782159150_C39_G3_2,0.7841975702633978,0,0,0,0,0,0,624,0,4,0,286,78,9,396,1153,869,0,849,21082,13209
1782159150_C40_G7_2,0.7272629175703148,0,0,0,0,0,0,0,0,0,0,0,0,0,381,667,2,0,83,2481,18421
1782159149_C40_G7_2,0.736071500461796,0,0,648,0,0,0,0,0,0,0,0,0,0,24,621,0,1385,135,306,27467
1782147113_C81_F4,0.7339309338446794,0,0,2404,0,0,0,0,0,3,0,0,0,0,81,18,2290,0,175,4392,11330
1782159150_C52_A10_2,0.7938954974577868,345,0,0,0,0,0,0,0,88,0,193,107,128,959,1130,697,0,1513,4371,12302
1782147113_C92_H5,0.4807998797551686,0,0,1895,0,0,9,898,0,0,3468,38,0,0,0,0,0,0,0,0,0
1782159150_C33_F3_2,0.5285325409956351,0,0,0,0,0,0,704,0,0,4804,33,135,6,0,0,0,0,0,0,0
1782159149_C69_D6_2,0.4522573512681221,0,0,0,0,0,13,339,735,1417,3030,0,0,0,0,0,0,0,0,0,0
1782159149_C16_C9_2,0.4175610020336077,0,0,0,0,1,44,26,6,854,2751,136,9,1,0,6,0,0,0,0,0
1782159150_C01_A3_2,0.48323259091297777,0,0,0,0,0,884,182,302,0,1190,0,0,107,0,0,0,0,0,0,0
1782147113_C84_F10,0.5112636177518104,0,0,0,0,0,466,3279,20,0,2698,2,0,0,0,0,0,0,0,0,0
1782147113_C57_B6,0.584272772341022,0,0,0,0,0,0,0,0,0,7401,0,0,0,0,0,0,0,0,0,0
1782159149_C38_G2_2,0.4087721629093011,0,0,0,0,0,63,71,0,2,139,46,0,0,0,0,0,0,0,0,0
1782147113_C34_F7,0.5117868551384355,0,0,0,0,0,11,146,75,184,1835,173,427,497,942,0,0,0,0,0,0
1782147113_C12_B7,0.3941235746835242,0,0,2,0,0,331,86,109,56,114,74,94,46,71,0,0,0,0,1,0
1782159149_C82_F12_2,0.45459909602769544,0,0,0,99,29,0,672,0,0,28,0,36,0,0,0,0,0,60,0,0
1782159150_C59_B11_2,0.5382011972728791,0,0,0,0,0,0,0,0,102,6541,258,0,0,120,0,0,0,0,0,0
1782159149_C20_D2_2,0.41749317624929705,0,0,0,0,322,334,10,26,93,84,0,0,0,0,0,0,0,0,0,0
1782159150_C58_B10_2,0.4568660371063012,0,239,129,466,77,369,72,6,21,3188,68,58,52,18,0,0,0,0,0,0
1782159149_C79_F6_2,0.470059670443697,0,0,0,0,110,5,149,144,256,778,0,0,0,0,0,0,0,310,0,0
1782147113_C78_E10,0.45138391945470163,0,0,107,31,2,501,133,341,13,2026,273,137,15,0,0,0,0,0,0,0
1782159149_C35_F8_2,0.39521014341898336,0,0,0,1,127,0,58,0,68,148,200,245,209,1,0,0,0,1,0,0
1782163188_C85_G6,0.44632015232227673,0,0,172,9,0,29,498,246,6,1050,264,382,221,276,0,1528,0,0,733,0
1782159149_C21_D1_2,0.5353278610696999,0,0,0,0,0,712,0,0,188,6886,0,0,0,0,0,0,0,0,0,0
1782159150_C56_B5_2,0.36700304462505334,0,8,36,26,113,360,89,12,28,275,2,259,87,20,0,0,0,0,0,0
1782147113_C21_D1,0.4958619692965594,0,0,0,9,25,23,288,0,0,4125,207,199,3,30,0,0,0,0,0,0
1782147113_C04_A9,0.5388401874787777,0,0,0,0,0,0,2,7,0,3206,0,0,0,0,0,0,0,0,0,0
1782147113_C36_F9,0.42614772794401584,0,0,1,0,189,391,238,0,118,6196,53,0,0,23,0,0,0,0,0,0
1782159149_C74_E5_2,0.4085454361960024,0,0,0,2,0,92,56,0,140,276,316,86,210,257,0,0,0,0,0,0
1782147113_C52_A10,0.4591509855229347,0,0,113,0,133,24,1434,280,1051,1977,141,186,0,0,0,0,0,0,0,0
1782147113_C94_H12,0.4198688064370009,489,0,0,0,0,70,49,264,260,939,0,0,0,0,0,0,2,0,0,0
1782159150_C74_E5_2,0.5034266438117881,1,0,0,3,0,832,16,70,0,292,4,139,19,0,0,17,0,292,0,0
1782147113_C83_F11,0.5649683504066573,0,0,0,8,0,14,1120,0,11,5267,32,0,24,0,0,0,0,0,0,0
1782147050_C65_C11,0.4844226485322979,0,0,0,0,0,4,10,57,16,442,3,0,5,16,0,0,0,0,0,0
1782159150_C65_C11_2,0.4846913870659642,0,0,0,0,91,50,1945,2,50,499,0,0,5,13,0,0,0,0,0,0
1782163190_C47_H8,0.44613842314796825,0,0,630,0,27,287,27,108,0,200,0,0,0,0,0,0,0,0,0,0
1782147113_C33_F3,0.49984929572306724,0,0,0,0,0,14,2,109,69,3612,0,0,0,0,0,0,0,0,0,0
1782147113_C89_G11,0.5061005751053002,0,0,0,0,0,276,1216,19,156,2750,241,0,11,114,0,0,0,0,0,0
1782159150_C11_B8_2,0.4600969647136065,0,0,0,0,8,100,8,0,0,1778,0,147,0,0,0,0,0,0,0,0
1782159150_C62_C5_2,0.4690426544896062,0,0,0,0,0,541,245,0,0,1199,0,0,0,0,0,0,0,4,0,0
1782147113_C66_C12,0.45143699067719445,0,0,918,0,0,785,69,570,0,1362,0,0,0,0,0,0,0,330,0,0
1782163190_C73_E6,0.4208127375696929,0,0,0,0,63,15,27,123,166,683,9,0,0,0,0,0,0,0,0,0
1782147113_C79_F6,0.5056188143142103,0,0,0,0,234,161,575,0,742,549,12,81,0,0,0,0,0,0,0,0
1782159150_C18_C7_2,0.4650039973384969,0,0,4,4,0,11,46,1166,13,636,0,0,0,0,0,19,0,0,0,0
1782159150_C55_B4_2,0.4077300692490618,0,0,7,0,105,125,99,0,2,81,0,0,0,0,0,0,0,222,0,0
1782147047_C21_D1,0.33102087117929807,1255,84,0,32,4,0,6,264,4,35,36,75,50,0,0,0,0,0,0,0
1782159150_C69_D6_2,0.4898449954038537,0,0,0,0,0,21,142,0,0,2450,23,0,0,0,0,0,0,0,0,0
1782159149_C32_F2_2,0.4857315029465361,3,0,0,0,161,1148,229,0,271,2532,0,0,0,102,0,0,0,0,0,0
1782159150_C36_F9_2,0.5107975314286601,0,0,0,0,0,0,354,0,0,1745,0,0,0,0,0,0,0,0,0,0
1782163190_C57_B6,0.5643021232859309,0,0,0,0,0,0,2741,0,0,1538,0,0,0,9,0,0,0,0,0,0
1782147113_C67_D4,0.4847398539493325,0,0,0,0,98,39,89,0,571,895,0,0,47,0,0,0,0,0,9,0
1782159150_C25_E1_2,0.4786440769848507,0,207,0,0,0,51,0,0,76,0,0,0,0,0,0,0,0,0,0,0
1772158105_C17_C8,0.42799655227130745,0,0,86,0,0,130,64,0,3,183,0,85,0,0,0,0,0,0,0,0
1782159150_C80_F5_2,0.4342296480649026,46,0,0,296,0,89,365,439,44,1978,485,451,176,720,0,4,0,0,0,0
1782159150_C68_D5_2,0.4973982197325512,0,0,0,0,21,8,8,0,137,1561,13,1,0,0,0,0,0,159,0,0
1782163190_C09_B1,0.44306965497909157,0,0,0,0,0,211,0,0,0,86,703,0,0,0,0,0,0,0,0,0
1782163190_C27_E3,0.4856587308636278,0,0,0,0,463,46,75,354,136,650,30,0,0,0,0,0,0,0,0,0
1782159149_C03_A1_2,0.413691469271579,0,0,0,2,0,22,491,21,0,2414,68,3,117,0,0,0,0,142,0,0
1782159149_C04_A9_2,0.4310371660234927,0,0,0,0,16,68,6,0,175,2926,0,0,0,0,0,283,0,0,0,0
1782147113_C71_D11,0.4022588245771165,27,0,0,0,2,3,195,95,129,1067,0,0,0,74,0,0,0,0,0,0
1782163190_C85_G6,0.48454356477316585,0,0,0,0,11,323,1475,146,1769,4094,195,16,14,111,0,0,0,0,0,0
1782163190_C91_H6,0.42120264479132336,0,0,0,0,0,7,542,100,436,385,0,0,0,223,0,0,0,0,0,0
1782159150_C37_G1_2,0.40752138149903155,0,0,3598,0,0,0,2,0,0,859,0,0,0,132,0,0,0,0,0,0
1782163190_C30_E9,0.5024876983705373,0,0,0,0,0,29,1761,0,0,2624,351,140,0,3,0,0,0,0,0,0
1782159150_C66_C12_2,0.5197875514695673,0,0,0,0,0,2,24,0,21,3218,0,0,0,42,0,0,0,0,0,0
1782147113_C44_H2,0.4262638870829012,0,0,0,0,2,0,589,81,105,1620,1,0,0,0,0,0,0,0,0,0
1782147113_C27_E3,0.4515994290095579,0,0,0,0,169,580,269,0,84,1979,44,0,0,0,0,0,0,215,0,0
1782163190_C26_E2,0.40242097273402666,0,0,0,28,0,3,68,0,105,52,0,76,0,0,0,0,0,6,0,0
1782159150_C54_A12_2,0.42090156584274324,0,0,0,0,1,386,547,131,1,950,0,61,0,0,0,0,0,0,0,0
1782147113_C95_H11,0.4469887909138356,0,0,0,0,638,9,240,57,168,235,0,0,0,0,0,0,0,0,0,0
1782163190_C89_G11,0.28843125655601387,0,403,167,102,271,939,173,155,0,0,41,45,6,18,0,0,0,0,0,0
1782163190_C21_D1,0.3099614819738354,0,778,1011,428,0,2,0,0,993,0,0,0,0,0,0,0,0,0,86,94
1782159150_C61_C4_2,0.2848738253410478,208,2682,0,806,8,101,184,0,0,39,0,22,0,31,0,0,0,0,0,0
1782163190_C31_F1,0.27429285540412174,82,133,196,381,56,681,13,16,0,55,1,0,4,0,0,189,0,0,10,10
1782163190_C28_E7,0.2640187533143514,0,284,1814,32,29,245,5,0,113,0,0,0,0,0,0,0,0,0,0,197
1782163190_C17_C8,0.2700820156476816,234,1259,250,7,221,126,0,163,94,51,0,0,3,0,0,0,0,0,266,0
1782163190_C18_C7,0.3163978640743185,0,575,1,40,59,1,0,0,0,0,0,0,0,0,0,862,0,0,0,0
1782163190_C06_A7,0.2838211344510594,0,405,0,681,0,2,27,0,9,0,0,0,0,0,0,0,0,0,0,0
1782163190_C08_B2,0.9954871536212551,0,595,15,573,454,7,0,0,0,0,0,0,0,0,0,0,0,0,0,7
1782147113_C24_D7,0.30509726733553394,0,349,2,111,658,554,5,0,0,267,0,0,0,0,0,0,0,7,2,0
1782147113_C51_A6,0.27776807671364306,0,585,70,617,2,19,77,11,20,1,0,29,4,3,0,0,0,0,98,0
1782159149_C75_E4_2,0.2758973251829741,0,23,25,222,70,309,77,5,21,78,1,8,0,14,0,7,0,0,7,0
1782147113_C90_G10,0.2817677887680096,0,0,551,253,16,340,431,0,0,0,18,3,0,0,0,0,0,0,0,18
1782163190_C87_G4,0.2976322820517196,88,33,137,86,472,140,67,0,0,0,0,28,1,0,0,0,0,0,0,0
1782147113_C03_A1,0.29827161662134927,0,135,0,21,169,6,1,0,224,45,143,0,0,0,0,0,0,0,52,59
1782163190_C67_D4,0.2856831596346343,0,83,3,915,12,854,0,1300,0,54,0,0,0,0,0,0,0,0,0,0
1782163190_C82_F12,0.2994417274061602,0,2,0,2014,63,31,992,0,3,34,2,0,0,2,0,0,0,0,0,2
1782159149_C28_E7_2,0.2909533829957255,65,286,54,62,0,5,528,13,0,42,2,0,28,102,0,0,0,338,0,3
1782159149_C23_D8_2,0.30543595997672135,0,381,1886,15,192,2,1,0,0,0,0,0,0,0,0,0,0,0,0,9
1782163190_C52_A10,0.28904240970728473,10,0,23,0,498,17,0,0,0,0,0,0,0,0,0,0,0,0,0,17
1782147113_C17_C8,0.28414843664228123,0,197,17,106,163,133,183,5,0,25,8,13,0,0,0,0,0,0,0,12
1782159150_C78_E10_2,0.29527819531081834,148,1068,1,31,0,35,201,0,43,28,0,0,0,0,0,0,0,0,0,3
1782163190_C16_C9,0.2928324649106806,0,812,45,399,350,804,0,176,154,0,2,18,0,0,0,0,0,0,0,14
1782163190_C12_B7,0.19956760114946837,683,685,409,44,1,9,438,118,0,33,15,0,5,6,0,0,0,0,0,3
1782159149_C14_C2_2,0.21475123037433602,589,3253,1479,650,151,164,59,225,0,58,20,1,8,0,0,0,0,0,0,0
1782159150_C91_H6_2,0.26289822424887593,91,399,1077,236,223,306,94,8,6,149,8,0,2,0,0,0,0,0,0,15
1782147113_C22_D9,0.2700820629930711,0,20,3,258,90,0,0,33,0,0,0,0,0,0,0,0,0,0,11,0
1782163190_C10_B9,0.31907907157742965,0,0,193,0,2,11,344,0,0,839,0,0,0,0,0,0,0,0,81,991
1782163190_C48_H9,0.2924262557097574,0,12,0,0,220,262,504,0,0,22,9,6,0,0,0,0,0,0,0,0
1782147113_C35_F8,0.06657569473493839,0,337,2,0,25,0,0,0,0,0,0,0,0,0,0,0,0,0,0,0
1782159149_C56_B5_2,0.2754433644579264,0,681,1299,459,224,67,94,13,73,21,0,0,0,0,0,29,0,0,2,0
1782159150_C76_E12_2,0.26457013235660576,169,309,134,386,176,97,21,0,0,75,0,1,0,3,0,0,0,0,0,133
1782147113_C47_H8,0.2670868482909717,764,145,37,444,283,73,83,0,48,4,0,12,0,0,0,57,0,0,0,41
1782163190_C25_E1,0.26677294188587886,83,347,2,218,386,128,107,3,57,2,0,23,0,21,0,141,0,0,0,3
1782163190_C83_F11,0.04872223843301848,0,956,2,0,0,0,0,0,0,0,0,0,0,0,0,0,0,0,10,3
1782163190_C59_B11,0.2673993430266984,9,149,349,258,215,155,72,17,7,38,22,16,0,0,0,0,0,0,0,0
1782159149_C29_E8_2,0.2657136849671332,76,191,261,78,180,59,285,0,10,21,0,10,0,0,0,0,0,0,0,3
1782163190_C84_F10,0.298185741886852,0,611,220,42,134,1,0,0,0,72,0,0,0,0,0,0,0,0,0,7
1782159150_C63_C6_2,0.27847873766731635,536,3416,0,4,0,508,57,0,0,245,1,0,0,0,0,0,0,0,15,0
1782163190_C70_D10,0.2347462700725997,1574,1358,1362,0,1,0,0,0,0,0,0,0,3,0,0,0,0,0,21,0
1782163190_C36_F9,0.25714153329918854,309,908,193,535,51,28,22,22,34,0,0,15,0,0,0,0,0,0,0,49
1782147113_C55_B4,0.3015379617239971,0,675,2,0,5,0,5,1,0,0,0,0,0,0,0,0,0,0,0,80
1782163190_C72_D12,0.27425417939933855,2,737,1092,119,183,11,145,3,0,0,3,0,6,62,0,0,0,0,306,271
1782159150_C70_D10_2,0.2669323356877688,248,133,464,123,198,50,22,0,21,4,1,0,1,1,0,0,0,0,0,1
1782163190_C46_H7,0.2532869918259249,0,667,217,160,83,319,169,80,0,18,3,1,0,11,0,0,0,0,27,82
1782163190_C23_D8,0.2750820168629416,0,479,112,59,194,736,0,0,0,156,97,0,2,0,0,0,38,0,0,0
1782163190_C86_G5,0.2737314089936055,193,473,169,384,292,8,25,21,26,271,0,6,1,27,0,0,0,0,273,9
1782147113_C50_A5,0.3004134889355345,0,491,894,625,75,442,0,0,305,183,0,0,0,0,0,0,0,0,0,0
1782163190_C95_H11,0.2702697162592352,0,1491,150,141,17,131,0,78,161,3,19,42,0,0,0,0,0,0,0,0
1782147113_C23_D8,0.28039050436091634,35,14,62,162,0,1,3,0,0,0,0,0,0,0,0,0,0,0,0,1
1782163190_C40_G7,0.2787332772077192,529,11,756,52,151,14,111,0,25,51,0,0,0,0,0,0,0,0,316,0
1782159149_C13_C3_2,0.2087507907492401,2107,944,1035,18,897,2,2,348,0,2,0,6,0,0,0,0,0,0,2,0
1782159149_C34_F7_2,0.2968570436513153,2,150,2,302,43,625,470,0,6,64,0,0,14,0,0,0,0,0,0,70
1782159149_C43_H1_2,0.24742607037123687,307,722,146,379,60,319,128,42,30,66,18,0,0,3,0,0,0,0,0,12
1782159149_C33_F3_2,0.3122870960112669,0,2,32,0,54,0,31,0,1,25,1,6,40,136,0,0,0,0,0,60
1772159322_C30_E9,0.2703538442077816,87,1619,1,271,0,103,2,2,21,0,11,37,72,0,0,10,0,0,238,0
1782159149_C26_E2_2,0.2918973170875043,0,95,658,113,17,1,0,130,3,0,0,0,0,0,0,0,0,0,17,0
1782159149_C50_A5_2,0.28230326142389345,0,1152,1455,1238,61,1,0,16,167,759,0,77,0,0,0,0,0,0,0,15
1782147113_C65_C11,0.015947077791054348,86,8,70,10,16,0,0,0,54,0,0,0,0,0,0,0,0,0,0,0
1782159149_C41_G8_2,0.01836740350594774,129,669,241,1532,0,20,0,0,0,0,0,0,0,0,0,0,0,0,0,2
1782159150_C04_A9_2,0.022923232119095457,13,51,8,46,0,0,0,0,0,0,0,0,0,0,0,0,0,0,0,10
1782163190_C93_H4,0.026335757665207942,0,45,0,40,112,0,296,40,0,4,0,0,0,0,0,0,0,0,0,0
1782163190_C14_C2,0.20543245707999733,15,1553,3,0,0,0,0,0,3,15,0,0,0,0,0,0,0,0,0,0
1782147113_C01_A3,0.18981794338386834,4,1337,7,0,0,0,0,0,0,641,0,0,0,0,0,0,0,0,0,0
1782163190_C63_C6,0.20330935480847317,0,2,143,0,292,0,0,22,0,0,7,442,0,0,0,0,0,0,0,2
1782163190_C50_A5,0.19800334443607018,0,113,113,44,11,1264,0,0,0,0,0,0,0,0,0,0,0,0,0,0
1782159149_C07_B3_2,0.20271120351489563,0,9,2008,531,1426,0,0,220,0,0,0,0,0,0,0,0,0,0,0,2056
1782147113_C06_A7,0.19784461328468966,0,43,362,31,0,0,0,0,0,0,0,0,0,0,0,0,0,0,0,0
1782163190_C64_C10,0.19791290383057733,0,2715,141,118,12,0,0,0,0,0,0,0,0,0,0,0,0,2,0,0
1782163190_C81_F4,0.2201034977470659,24,93,156,9,1,1,0,0,0,0,0,0,0,0,0,0,0,0,0,1
1782163190_C92_H5,0.2527814397916907,116,151,2,56,0,256,0,0,0,0,0,0,0,0,0,0,0,0,0,0
1782147113_C40_G7,0.2576897612838432,110,0,697,0,4,12,0,0,17,0,0,222,2,0,0,0,0,0,0,0
1782147113_C82_F12,0.1030101107859443,0,2316,2131,14,0,0,195,0,2,0,104,188,6,0,0,0,0,7,1,298
1782147113_C41_G8,0.12840291855165673,0,8342,2729,2,0,119,287,0,0,0,470,0,0,0,0,0,0,74,225,10495
1782147113_C64_C10,0.21933668997001446,1,3156,1488,256,40,392,422,0,0,655,7,106,0,11,0,0,0,0,7102,12475
1782147113_C72_D12,0.13191257830565065,1062,7835,135,68,1,5,0,0,29,0,0,0,1,0,0,0,0,63,645,11438
1782147113_C60_B12,0.07330297315930738,0,488,511,347,1,174,0,0,48,36,1,11,0,7,0,0,0,16,0,254
1782159149_C49_A4_2,0.08885932855578946,425,1758,37,65,10,0,0,0,0,0,0,0,0,0,0,0,0,0,0,2464
1782159149_C02_A2_2,0.07006127386558922,337,1548,614,151,0,0,1,0,0,0,0,0,0,0,0,0,0,99,0,0
1772159323_C16_C9,0.1979145008127568,0,5376,2135,20,165,0,0,0,0,0,0,0,0,3,0,0,0,0,1382,320
1782147113_C59_B11,0.2275755419325394,9,3598,2353,151,0,0,0,0,24,0,6,0,0,0,0,0,1,0,481,755
1782163190_C15_C1,0.0596962807603202,0,1874,6811,0,0,0,0,0,0,0,30,0,0,0,0,0,0,165,7,1289
1782163190_C51_A6,0.11720813935012268,3,6440,0,0,0,43,0,0,0,0,0,0,0,0,0,0,0,0,0,4463
1772159322_C23_D8,0.10062393088032921,0,4684,184,1100,0,8,7,1,0,0,0,0,0,0,0,0,1,0,441,5689
1782163190_C02_A2,0.12987902214465588,1261,12696,11,0,0,0,0,0,88,0,358,36,34,14,0,0,2,0,11,4628
1782163190_C43_H1,0.07461139828402218,0,3310,1727,1262,1,0,489,0,82,0,0,0,66,15,0,0,0,0,22,1727
1772158110_C26_E2,0.1119739523588925,1644,7968,635,848,0,526,48,0,0,0,0,1,0,0,0,0,0,1,1,1388
1782147113_C31_F1,0.12356947003858675,0,1858,1269,229,0,5,0,3,0,0,1,0,0,0,47,0,0,0,25,2355
1782163190_C75_E4,0.09213985471223683,0,5,17,37,0,0,0,0,0,425,1,3,0,0,0,0,0,0,1,558
1782147113_C69_D6,0.1214114212658737,237,16371,11,0,0,6,0,8,17,0,0,0,0,0,0,0,0,0,124,7840
1782163190_C11_B8,0.10333092275651498,0,1764,436,102,0,0,0,0,6,0,0,0,33,93,0,0,0,0,2627,6868
1782163190_C88_G12,0.08031149031734507,199,3579,2894,13,2,0,0,0,121,40,91,40,0,3,0,0,0,0,518,2316
1782147113_C45_H3,0.1301307822517776,18,10144,4278,1,0,14,0,0,0,0,0,0,3,0,0,0,6,0,1446,5971
1782163190_C04_A9,0.11192568575022047,256,7444,19,4,0,2,0,0,0,0,0,35,0,0,0,0,0,0,0,1036
1782163190_C71_D11,0.20505497931769942,22,1759,635,1335,89,142,0,0,50,0,0,0,0,103,0,0,0,0,1398,4445
1782159149_C18_C7_2,0.044080501314794976,0,364,399,283,0,0,0,0,0,0,24,0,76,0,0,0,0,0,94,24
1782147113_C85_G6,0.11539531264714883,90,7642,135,76,5,899,17,0,0,0,0,2,121,0,0,0,0,0,93,5635
1782147113_C38_G2,0.06955760360714866,0,1147,58,891,0,0,0,0,0,0,0,0,0,0,0,0,0,1,1773,0
1782163190_C90_G10,0.18973368985907413,6,5659,1019,1,0,5,0,9,0,0,0,0,0,0,0,0,0,0,992,1492
1782147113_C54_A12,0.08115560568067172,0,498,137,0,0,0,0,399,0,0,0,0,0,0,0,0,2,0,0,979
1782147113_C46_H7,0.09137037615587422,0,6967,1619,341,0,0,13,0,0,162,0,0,0,26,0,0,0,69,291,2763
1782163190_C19_D3,0.18310862454526325,0,13379,755,416,0,0,24,0,0,0,0,0,0,0,0,0,0,4,0,5
1782159149_C06_A7_2,0.13964897636087534,53,7481,0,696,0,124,22,0,32,1,0,108,158,0,0,50,0,0,19,9034
1772159322_C63_C6,0.0981167924743872,16,382,25,1448,68,3,12,0,1,0,3,1,1,0,0,0,0,6,4,80
1772159323_C71_D11,0.10441170806770912,0,6703,2298,0,0,0,55,0,34,0,0,0,0,2,0,0,0,0,24,1759
1782163190_C49_A4,0.16884390219544518,1435,2856,682,1377,0,0,491,187,0,0,60,0,0,0,0,0,0,232,354,422
1772158105_C93_H4,0.09121271157035696,0,1601,405,0,0,10,0,0,0,0,0,0,0,0,0,0,384,114,3,1484
1782147113_C61_C4,0.24107130968780294,0,2250,153,507,99,3,0,0,0,194,61,0,0,22,0,0,0,228,1236,2563
1782147113_C10_B9,0.12011272498988604,5,478,3,3,0,0,0,0,0,0,0,0,0,0,0,0,0,0,0,1274
1782147113_C14_C2,0.01371620992294079,0,3267,41,1,0,0,0,0,0,0,119,0,0,0,0,0,0,0,0,3046
1782147050_C93_H4,0.1494085136666999,196,9111,54,80,0,298,1,0,0,0,0,0,0,0,0,0,0,0,1,3410
1782163190_C78_E10,0.14647789244588336,1,11885,0,5,0,30,4,0,0,0,118,8,130,0,0,0,0,0,358,4211
1782147113_C87_G4,0.22514353892119984,392,8550,473,896,0,1,0,0,1,0,116,0,1,0,0,0,0,0,7,1690
1782147113_C02_A2,0.143193139381838,17,8206,73,65,13,91,26,0,0,0,0,0,0,0,0,0,0,0,0,345
1782163190_C07_B3,0.11478559984989209,0,49,16,367,4,0,0,0,0,0,0,298,0,0,0,0,0,0,0,2092
1782147050_C52_A10,0.12647676958635204,277,8980,3,54,0,24,159,0,7,0,0,0,0,7,0,24,685,0,0,2108
1772159322_C12_B7,0.1536567468487206,1348,270,1508,46,0,308,0,100,0,0,224,0,0,0,0,0,0,0,183,1183
1772159323_C11_B8,0.13063317011595849,82,3274,4,45,0,11,0,0,0,0,4,60,0,0,0,0,120,9,9,7811
1782147047_C51_A6,0.13436157858921915,20,4409,6,2,0,756,0,4,0,0,0,0,0,0,0,0,10,0,0,2833
1782147113_C29_E8,0.12760044589960287,1022,2620,262,0,0,11,37,9,0,108,2,0,0,0,0,0,0,0,49,529
1782147113_C20_D2,0.11893841010094007,403,3784,1281,0,0,6,182,0,92,0,0,231,0,0,0,0,0,0,209,0
1782147113_C32_F2,0.06350547652103818,0,552,378,77,89,0,0,23,0,0,0,0,0,0,0,0,0,0,126,689
1772159322_C14_C2,0.1239401286222482,29,2984,18,80,0,3,222,354,310,0,0,10,96,4,0,61,0,9,713,0
1772159322_C38_G2,0.10000965378409171,1245,3193,7231,0,0,0,14,82,1,10,143,0,0,0,0,0,0,0,1525,992
1772159322_C48_H9,0.05911251133157291,0,754,791,41,0,0,0,0,0,0,0,18,0,0,0,0,0,0,0,910
1772158105_C52_A10,0.12863676027829876,0,7761,25,0,0,0,0,0,0,0,0,0,0,0,0,0,0,0,0,551
1772159322_C22_D9,0.1713969142890024,0,0,4,1043,0,0,0,1103,0,24,19,0,0,0,0,0,0,0,0,0
1772159322_C46_H7,0.09303025130341386,0,4051,69,1373,0,52,0,0,0,0,0,0,0,0,0,0,0,0,0,0
1772158105_C59_B11,0.1654584878769468,372,837,350,150,526,13,0,11,0,0,200,315,87,146,0,0,0,0,127,23
1782147050_C86_G5,0.08170519097996609,390,6035,36,0,0,0,2,0,0,0,0,0,0,0,0,0,0,0,395,3158
1782147050_C82_F12,0.13032690190925683,886,21580,28,84,0,310,0,61,33,0,0,422,0,0,0,0,0,0,3869,211
1772158105_C69_D6,0.13174450354166112,1980,9313,65,0,0,128,0,0,73,0,0,0,23,0,0,0,0,0,28,2864
1772159322_C55_B4,0.1707864149109804,1981,22,292,442,0,0,0,41,0,0,0,0,2,0,0,0,0,0,31,2928
1772159322_C87_G4,0.13058460502789565,1133,2993,310,0,22,0,2,0,1,0,6,0,0,0,0,0,0,3,0,534
1782147050_C79_F6,0.48729355236609384,0,0,0,0,0,325,858,238,249,679,0,233,0,87,0,0,0,0,0,0
1782163188_C73_E6,0.4416370598755956,0,0,0,0,0,215,2,243,0,2619,0,0,0,0,0,0,2,0,0,0
1772159322_C79_F6,0.4419311256034197,0,0,956,0,74,18,42,0,2,232,0,147,0,0,0,0,0,0,0,0
1782147050_C49_A4,0.5072796337988325,0,0,0,728,0,8,0,4,0,1080,0,0,0,0,0,0,0,0,0,2
1772159322_C07_B3,0.48214523561524775,0,0,0,0,0,45,203,333,7,2962,0,0,0,0,0,0,0,0,0,0
1782147050_C59_B11,0.3597586616694915,0,0,279,0,0,2,0,22,0,0,0,0,0,0,0,0,0,0,0,0
1782147050_C90_G10,0.39024060674252287,0,0,0,0,2,413,136,552,183,33,0,0,0,0,0,0,0,0,567,0
1772159322_C83_F11,0.35190309523201857,0,193,196,0,0,124,183,16,0,0,0,0,0,0,0,0,0,0,0,0
1772158105_C15_C1,0.472794732772485,0,0,0,0,6,302,68,37,125,751,0,0,0,0,0,0,0,0,0,0
1772158105_C36_F9,0.4564060685102517,0,0,0,0,0,2,19,0,20,0,0,0,0,0,0,0,0,2,0,0
1772158110_C03_A1,0.40636087387573416,0,0,0,11,0,443,409,120,310,72,0,0,0,0,0,0,0,74,0,104
1782147050_C85_G6,0.5016546296112853,0,0,0,0,0,1124,548,27,585,101,7,0,0,0,0,0,0,0,0,0
1772159322_C68_D5,0.3862050717979166,0,40,151,0,57,121,8,81,0,4,23,0,0,0,0,0,0,0,0,0
1772159322_C03_A1,0.41187792299266257,0,0,4598,5,0,80,0,39,0,0,0,0,0,0,0,0,0,0,0,0
1782147113_C63_C6,0.41611934565137587,0,0,0,0,0,425,20,68,24,0,0,136,0,0,0,0,0,0,0,0
1782147113_C39_G3,0.39235149001976605,0,0,0,152,12,76,0,238,779,3007,464,156,0,0,0,0,0,0,0,0
1772158105_C57_B6,0.45395572766787273,54,0,0,0,0,47,10,5,38,0,0,226,0,0,0,0,0,0,0,153
1772158105_C41_G8,0.3779513393274401,68,330,65,0,0,14,3,1030,2,1257,0,0,0,0,0,63,0,162,0,0
1782147050_C80_F5,0.475162269487793,0,0,0,0,0,133,2,295,1173,1583,0,0,0,0,0,0,0,0,0,0
1782147050_C05_A8,0.35314747058916324,0,21,120,199,0,97,39,6,32,0,0,251,6,0,0,0,0,0,0,0
1782147050_C21_D1,0.45280228079566376,0,0,0,0,0,6,0,16,2,776,0,0,0,0,0,0,0,0,0,0
1772159322_C10_B9,0.4623108256924589,0,0,0,0,0,13,162,43,75,785,0,0,0,0,0,0,0,0,0,0
1782147050_C54_A12,0.3654873252582789,0,0,1,0,517,0,0,13,243,0,12,0,0,0,0,0,0,0,0,0
1782147050_C18_C7,0.38463050692056494,0,0,3,0,2,385,8,92,538,2,0,24,0,25,0,0,0,0,0,0
1782147050_C07_B3,0.43246269482761246,0,0,0,0,5,341,478,98,7,0,0,0,0,0,0,0,0,0,0,0
1782163190_C45_H3,0.47414891947241233,6,0,0,0,0,26,0,744,33,1725,0,0,0,0,0,9,0,0,581,81
1772159322_C42_G9,0.4729894244116433,0,1,0,180,0,0,0,0,1,238,0,0,0,0,0,0,0,0,0,0
1772159322_C84_F10,0.4142642310452322,0,470,7,5,3,557,258,616,0,185,0,0,0,0,0,0,0,0,0,0
1772159322_C61_C4,0.3246569741302997,161,367,1533,620,1,39,121,251,56,581,0,0,0,0,0,0,0,0,0,0
1772158105_C48_H9,0.408323927277519,28,6,441,0,49,42,113,520,0,4582,109,0,0,0,0,0,0,0,0,0
1782147050_C75_E4,0.4019373438344255,235,67,44,308,233,54,398,18,44,2486,282,4,0,0,0,0,0,0,0,0
1782147050_C96_H10,0.4791612055216355,0,8,0,0,0,17,67,1,58,400,0,0,0,0,0,0,0,0,0,4
1782147050_C74_E5,0.3828624967344438,32,688,556,17,0,5,1,51,5,309,4,77,0,0,0,0,0,0,834,0
1782147050_C58_B10,0.47306301153803343,0,0,1,0,10,583,2690,27,703,5816,0,0,0,0,0,169,0,0,0,6
1782147050_C70_D10,0.3786347169456108,356,0,13,222,0,239,0,285,135,51,0,0,138,0,0,0,0,0,0,0
1782147050_C60_B12,0.3899238131933879,0,0,0,495,0,2,77,0,8,12,0,0,0,0,0,0,0,2,0,0
1772159322_C05_A8,0.4860522102579041,0,0,59,0,0,72,0,0,0,0,0,0,0,0,0,0,0,0,0,0
1772158105_C26_E2,0.47664492272360603,0,0,0,0,0,0,615,0,204,173,0,0,0,0,0,0,0,0,45,0
1782147050_C42_G9,0.3399887751900988,1,1,1179,91,11,73,158,44,67,0,77,27,1,0,0,0,0,0,24,0
1772158105_C61_C4,0.4593392918225761,0,0,0,0,0,711,477,335,75,272,170,0,0,0,0,0,0,0,0,3
1772159322_C28_E7,0.38827637765854756,0,0,18,0,0,732,335,75,187,128,0,7,0,0,0,0,0,0,0,0
1772158105_C54_A12,0.3711025191482335,0,0,18,37,0,199,561,58,73,0,0,0,0,0,0,0,0,0,0,0
1772158105_C47_H8,0.38620548551524553,0,0,0,8,0,0,30,0,0,6940,0,0,0,0,0,0,0,0,0,0
1772158105_C34_F7,0.3895462684817502,0,0,18,19,3,12,0,12,3,0,0,0,0,0,0,0,0,0,0,0
1772159322_C01_A3,0.37303210620256155,0,0,0,379,0,4,0,503,0,203,0,0,0,0,0,0,0,0,0,0
1772158105_C63_C6,0.40518847035345024,0,0,1615,55,441,73,0,1,204,1445,79,0,0,0,0,0,0,0,0,0
1782147113_C11_B8,0.39923262028324624,0,0,0,0,0,14,0,351,0,387,0,0,0,0,0,0,0,0,0,0
1772158105_C45_H3,0.42061454773505974,0,419,0,299,675,3,3,102,0,0,0,0,0,0,0,0,0,0,0,0
1772159322_C57_B6,0.451578659548907,0,0,1,0,0,842,30,4,0,0,0,0,0,0,0,0,0,0,0,0
1782147050_C67_D4,0.3824418656840294,0,64,75,90,0,0,98,414,1,580,158,0,0,0,0,0,0,0,0,0
1772158105_C30_E9,0.4134820239953174,0,0,32,0,132,38,0,91,257,1001,2,0,0,0,0,0,0,0,2,0
1782147050_C81_F4,0.40961958878801963,0,0,0,14,95,10,71,609,5,817,0,202,0,190,0,0,0,0,0,0
1772158105_C09_B1,0.4073925313915141,0,0,51,0,71,252,71,93,106,58,16,2,0,0,0,0,0,29,4,0
1772159322_C25_E1,0.3663599869693489,0,75,1,4,137,430,109,261,10,119,0,96,0,0,0,0,0,64,0,0
1772158105_C51_A6,0.4793113020576141,0,0,0,9,0,1617,18,839,1289,2374,4,0,0,0,0,0,0,0,0,0
1772159322_C77_E11,0.42678268029097705,0,0,0,0,0,179,2,37,0,2,0,0,0,0,0,83,0,0,0,0
1772158105_C66_C12,0.36675170533706897,0,271,275,388,367,94,188,785,188,2,15,46,31,0,0,0,0,0,0,0
1782147050_C94_H12,0.3872725438815045,0,129,123,0,91,393,148,164,85,0,0,0,0,0,0,0,0,0,0,0
1772158105_C22_D9,0.40124116890543926,0,0,0,59,73,76,18,11,73,20,0,0,0,0,0,0,0,0,0,0
1772159322_C76_E12,0.3735467378248814,0,0,517,0,49,767,96,1,0,0,0,0,0,0,0,0,0,0,0,0
1782147050_C68_D5,0.4312744113657965,0,0,1812,0,0,6,45,3,0,0,0,0,0,0,0,0,0,0,0,0
1782147050_C08_B2,0.3899990550041509,0,0,640,2,0,492,117,0,487,22,2,0,0,0,0,0,0,0,0,0
1772158105_C35_F8,0.35658496113720417,0,60,120,0,1010,146,0,110,347,0,0,0,0,0,0,0,0,0,0,0
1772158105_C07_B3,0.3776542103899069,0,0,0,6,0,601,153,286,343,0,0,22,0,0,0,0,0,0,0,0
1772158105_C38_G2,0.35655889787019474,47,996,1898,4,3,13,377,11,0,103,34,250,0,0,0,0,0,0,0,0
1772158105_C28_E7,0.4344863560611311,0,0,808,0,0,44,296,2,165,170,0,12,0,0,0,0,0,0,0,0
1772159322_C35_F8,0.33104298646963287,0,48,12,7,0,58,45,316,38,222,3,0,0,0,0,0,14,0,0,0
1772158105_C04_A9,0.40415039550302684,0,1,1,3,0,3,3,323,0,508,4,134,0,0,0,0,0,0,0,0
1772159322_C26_E2,0.4328385049595325,125,0,29,0,1097,364,8,550,0,0,0,5,0,0,0,0,0,0,0,0
1772158105_C50_A5,0.44513115294638816,35,0,0,0,391,738,0,14,0,20,0,0,0,2,0,0,0,0,0,0
1772159322_C62_C5,0.4012727769463599,0,0,55,0,2,129,51,26,2,0,65,0,0,18,0,0,0,247,0,0
1772158105_C95_H11,0.4013031845227377,0,0,0,216,2,3,576,0,92,253,0,144,0,0,0,0,0,0,0,2
1772158105_C23_D8,0.3815610720324344,0,289,0,1,0,194,140,68,0,16,0,0,0,0,0,0,0,0,0,0
1782147050_C14_C2,0.39984310357123354,0,0,1174,0,0,0,24,7,0,523,0,44,0,0,0,0,0,0,0,0
1772158105_C58_B10,0.39743489624166856,0,0,437,101,0,19,0,682,100,69,0,80,0,0,0,0,0,178,0,0
1772158105_C19_D3,0.4023159390218917,0,0,0,15,0,90,8,1506,459,131,23,2,0,0,0,0,0,3,0,0
1772158105_C06_A7,0.44669225490332803,1,0,0,10,0,980,412,866,0,3,0,0,0,0,0,0,0,0,0,0
1772159322_C15_C1,0.43147784895599917,0,0,0,0,103,8,17,0,655,904,0,0,0,0,0,0,0,8,0,8
1782147050_C57_B6,0.41665618743975236,0,287,1317,14,0,76,275,747,5,59,62,24,0,0,0,0,0,0,0,0
1782147050_C25_E1,0.413161853758211,0,0,267,1,344,10,692,15,5,41,140,0,0,0,0,0,0,0,0,0
1772159322_C64_C10,0.4113158411182472,0,0,0,0,0,71,81,698,0,1536,0,0,0,205,0,0,0,0,0,0
1772158105_C33_F3,0.4484445908064526,0,0,6,0,0,747,2,627,24,122,0,0,0,0,0,0,0,0,0,251
1772158105_C11_B8,0.42752688378859316,0,81,130,930,0,518,65,209,8,3099,0,0,0,0,0,0,55,0,0,0
1782147050_C50_A5,0.4642491847747841,0,0,0,2,2,8,0,940,236,1124,0,68,0,0,0,0,0,0,0,0
1772159322_C24_D7,0.3999362772633099,0,0,62,0,0,78,680,236,72,0,0,4,0,0,0,0,0,3,0,0
1772159322_C09_B1,0.4229586503320165,0,0,0,11,0,343,54,379,1430,138,0,19,0,0,0,0,0,2,0,0
1772158105_C71_D11,0.4460195072498047,0,0,115,0,0,37,782,147,0,68,0,0,0,0,0,0,0,0,0,0
1772158105_C29_E8,0.4366009609449055,2,0,0,0,0,43,569,99,631,6,0,0,0,0,0,0,0,26,0,0
1772158105_C25_E1,0.43214551012418573,0,0,0,0,0,6,1245,131,2492,591,16,0,0,0,0,0,0,0,0,0
1772159322_C06_A7,0.4683041130197173,0,0,0,0,4,21,357,7,2,1192,0,0,0,0,0,0,0,0,0,0
1772159322_C27_E3,0.42093452304232043,0,0,0,0,8,7,626,126,485,262,0,0,0,0,0,90,0,130,0,0
1772158105_C02_A2,0.359744237970571,0,0,290,0,0,0,398,268,0,3,10,0,0,0,0,0,0,0,3,0
1772158105_C73_E6,0.45993082197440405,596,0,0,0,417,347,4,93,36,0,0,57,0,0,0,0,0,0,0,0
1772158105_C32_F2,0.3847129326544061,260,0,119,66,1,556,68,338,79,155,52,0,0,0,0,0,0,0,0,0
1772159322_C67_D4,0.45494042262605716,0,0,0,0,0,2475,3,802,751,1044,157,0,0,0,0,0,0,0,0,2
1772159322_C75_E4,0.43569657190472655,0,0,0,345,0,571,82,0,220,0,0,0,0,0,0,0,0,0,0,0
1782147050_C78_E10,0.34113288392400937,0,1,889,25,1,202,6,884,0,202,171,0,0,0,0,0,0,0,0,0
1782147050_C36_F9,0.3903126283270311,0,0,0,0,0,79,349,40,4,153,0,0,0,0,0,36,0,0,0,0
1772158110_C19_D3,0.4566832038227151,0,0,0,66,92,24,338,40,38,874,0,0,0,0,0,0,0,0,0,0
1772159322_C16_C9,0.8329062445012572,0,0,0,0,0,2,0,0,0,50,103,0,0,0,85,308,8,1105,1683,10359
1782147050_C01_A3,0.8735056877262313,0,2,0,0,0,0,0,0,0,22,0,0,0,0,52,42,0,2305,359,9632
1772158105_C37_G1,0.8601678606762759,0,0,6,0,0,0,0,0,0,4257,0,0,0,0,3,0,0,2090,1614,17137
1772159322_C60_B12,0.8202007088394211,0,212,17,0,0,88,34,0,0,746,0,0,113,0,459,498,752,500,2910,8173
1772159322_C32_F2,0.8176546679845754,0,0,0,0,0,0,84,0,0,19,21,0,0,63,1348,119,75,712,5739,16699
1782163194_C31_F1,0.8467188413146978,0,0,0,11,0,1038,0,0,416,351,0,0,0,0,234,3,408,27,989,14002
1772159323_C33_F3,0.8865502920182265,0,29,3,0,0,0,0,0,5,1841,0,0,0,0,0,0,0,300,1844,7039
1782147050_C03_A1,0.8157067725051335,0,0,977,48,0,698,0,0,0,1035,43,67,31,14,1208,1252,537,1909,2523,15461
1772159322_C31_F1,0.8283114513908536,0,0,104,627,0,10,137,0,0,566,51,0,0,0,332,1873,58,190,2083,17767
1782147050_C15_C1,0.836818602647592,0,0,3,0,0,3,175,0,0,1969,242,0,0,0,31,28,0,6,3104,2315
1772159322_C70_D10,0.8458901449761391,0,840,4,616,0,0,0,0,0,1129,8,0,0,0,3,3665,116,794,2317,8980
1772159322_C17_C8,0.8203233602148357,0,0,4,0,0,4,0,0,0,2,0,0,0,0,59,2584,365,1358,3760,14582
1782163194_C33_F3,0.8612229493513203,0,0,55,0,0,0,0,0,0,30,0,0,0,0,94,30,0,660,4822,11749
1772158105_C68_D5,0.8284189740649076,0,0,248,0,0,0,0,0,195,254,0,0,0,0,49,971,1957,1599,3015,20392
1782147050_C62_C5,0.8462989960867826,1605,118,48,2,0,0,0,0,0,1199,0,0,0,0,0,0,50,751,548,16570
1772158105_C44_H2,0.7961946526352868,0,0,5,0,0,0,0,0,0,253,554,345,1449,1034,2424,1036,1028,739,13144,24590
1782147050_C56_B5,0.8651440375436075,0,0,323,0,0,52,56,0,0,149,0,0,0,0,38,267,764,149,1284,11447
1772158105_C62_C5,0.8674722572419454,0,0,20,0,0,0,0,0,0,7,0,0,0,0,23,7,95,448,553,1858
1782147050_C34_F7,0.8512228054394607,0,0,71,0,0,0,0,0,0,83,0,0,0,0,264,1380,96,594,2934,3936
1782147050_C06_A7,0.847719148784941,232,47,1687,0,0,0,0,0,0,401,0,0,0,0,0,7,273,455,2715,19710
1772158105_C39_G3,0.872381903480288,0,0,67,0,0,0,0,0,0,965,0,0,0,0,0,71,92,167,55,6727
1782147050_C83_F11,0.815856973718809,0,0,0,0,0,2,0,0,0,1350,13,0,47,0,403,41,1279,1587,3023,16953
1772159322_C80_F5,0.8593905930820704,0,31,8,0,0,0,0,0,0,51,0,0,0,0,0,66,38,61,306,3863
1782147050_C09_B1,0.8901365140384977,0,0,2,0,0,0,0,0,0,1328,0,287,0,0,0,0,0,36,3001,804
1772159322_C65_C11,0.8119510491820955,0,0,3,0,0,0,28,0,0,896,0,0,0,0,1547,1529,559,2754,7590,22761
1772159322_C73_E6,0.842305574866097,0,0,1,0,0,0,0,0,0,2384,0,0,0,0,7,801,0,1560,779,12866
1772159322_C71_D11,0.8359710621042583,0,0,0,0,0,0,2,0,0,3527,0,0,36,0,30,151,56,533,1841,13425
1782147050_C84_F10,0.8673223408403783,0,0,2,0,0,2,0,0,0,0,0,0,0,0,6,76,0,4,9947,1549
1772158105_C53_A11,0.9053068120223179,103,0,1626,0,0,23,0,0,0,388,0,0,17,0,2,0,2,266,149,2568
1782147050_C91_H6,0.82609674318845006,0,0,8,0,0,0,0,0,0,17,0,0,0,0,58,2995,2937,1319,7217,28577
1772159322_C18_C7,0.8499867293961902,0,0,0,0,0,2,0,0,0,1083,0,0,0,0,22,2,0,1013,2245,6760
1782147050_C23_D8,0.9178034847931713,0,0,11,0,0,0,0,0,8,3,0,0,0,0,3,0,0,0,11,402
1772159323_C03_A1,0.815806027490554,0,507,2,0,0,4,2,0,0,2285,0,0,0,0,38,503,0,1051,4344,20819
1772158110_C23_D8,0.8341823804772378,83,0,2,0,0,0,0,0,0,1649,0,0,0,0,112,580,0,52,9949,13450
1772159322_C69_D6,0.843817116372138,0,0,10,0,0,5,25,0,0,845,0,0,0,0,731,272,89,692,1875,9458
1782147050_C46_H7,0.9166471548456646,0,799,413,0,0,6,0,0,0,746,0,0,0,0,2,213,155,746,2870,8493
1772159323_C87_G4,0.8135631604328288,0,0,2,0,0,0,59,0,8,201,0,0,0,0,165,19,44,220,18305,31362
1772159323_C45_H3,0.7975231814631017,0,0,5,0,276,75,0,0,0,2,11,2,0,289,7,2,1081,1703,1499,22177
1772159323_C43_H1,0.84120666414931,0,0,1019,0,0,0,0,0,0,7,0,0,0,0,141,2448,0,507,592,9770
1782163185_C84_F10,0.8495504277616378,0,1187,2226,0,0,0,0,0,0,2,0,0,0,0,213,361,611,0,1689,8803
1782147052_C20_D2,0.8061342935780524,0,0,1087,0,0,18,0,0,3,0,97,0,50,0,1731,442,454,9,3594,13033
1782147052_C06_A7,0.8372157940313674,0,0,3,25,0,0,0,0,0,3,0,0,0,0,0,0,346,2986,4400,11587
1782147050_C11_B8,0.8543079123912727,0,10,0,0,0,185,0,0,0,86,0,0,0,0,0,0,1336,200,3336,12932
1782147052_C66_C12,0.81178898850319,0,0,407,0,0,78,0,0,3,3,0,18,0,0,104,147,771,766,5844,23536
1782147045_D1,0.8550386346591272,0,0,0,0,0,0,0,0,0,0,0,0,0,0,0,65,0,317,7597,10103
1782147052_C10_B9,0.8128021341566358,0,0,3622,38,0,0,183,0,0,74,6,0,0,0,634,959,429,275,3972,28752
1782147052_C75_E4,0.8645446460227577,0,0,83,0,0,73,0,0,60,4688,0,0,0,0,94,0,55,34,1181,14089
1782147052_C62_C5,0.8686715882695393,0,0,11,0,0,0,0,0,0,2285,0,0,0,0,0,903,0,11,222,1154
1782147052_C76_E12,0.8011029813402134,0,0,0,0,0,8,0,0,225,424,45,41,154,266,762,499,552,814,3906,30973
1782147052_C93_H4,0.8389681989182038,0,0,5998,0,0,0,0,0,0,476,0,0,0,0,0,0,6,244,733,6402
1782147052_C79_F6,0.7463830538642834,0,0,51,0,0,0,0,0,0,0,34,0,0,0,1899,5017,3703,1890,22493,27867
1782147052_C73_E6,0.8033834755913797,0,0,3,143,0,0,0,0,174,0,10,0,0,0,400,427,683,639,3736,24151
1782147052_C18_C7,0.8791666892051989,0,0,145,0,0,31,0,0,0,0,4,0,0,0,251,0,26,0,467,10919
1782147052_C83_F11,0.8485962554143321,0,0,10,0,0,2,17,0,0,0,36,0,0,0,0,401,106,67,5270,10677
1782147045_A3,0.8877488899320556,0,1890,0,4,2,0,0,0,500,0,0,0,0,0,0,0,0,506,2051,1310
1782147052_C09_B1,0.8436526477363157,0,0,4224,0,0,0,0,0,10,0,279,0,0,148,233,0,128,289,8208,19698
1782147052_C70_D10,0.854819282545065,0,0,1836,0,0,0,0,0,0,0,0,0,0,0,405,0,225,315,3257,8475
1782147052_C95_H11,0.8703199165238908,0,1325,69,0,69,513,0,0,167,0,0,0,0,0,27,0,0,256,3237,2946
1782147045_E4,0.8953323252427989,0,838,142,0,0,0,0,0,0,0,0,3,0,76,0,0,0,45,1224,3471
1782147052_C94_H12,0.8359706482019863,0,0,0,0,0,50,0,0,461,0,302,0,25,260,147,0,0,54,5577,2179
1782147052_C63_C6,0.8496307277614695,0,1592,0,0,0,0,0,0,4,0,0,0,0,0,6,0,0,565,4903,3994
1782147052_C32_F2,0.8669012317124961,0,0,194,0,0,64,244,0,2,0,23,0,0,0,0,0,952,271,5270,8623
1782147052_C85_G6,0.8133156220918917,0,0,0,0,0,0,0,0,0,0,5,0,0,0,2564,0,0,209,1396,16263
1782147052_C34_F7,0.8825101355348034,0,837,6,15,0,268,132,0,26,0,0,0,0,0,0,0,0,134,2742,437
1782147045_A7,0.8239357329801209,0,101,16,0,0,20,0,0,8,0,265,91,280,81,351,49,351,0,9159,9896
1782147052_C38_G2,0.883337616798328,0,1137,2063,0,0,0,0,0,2,0,55,0,0,0,0,0,0,177,3954,2899
1782147045_E5,0.8460252099057943,0,74,0,0,0,0,0,0,0,0,0,0,0,0,0,0,0,610,14161,12086
1782147052_C22_D9,0.8983587557218696,0,355,143,39,0,7,0,0,0,0,0,0,0,0,0,0,2,12,2460,54
1782147052_C08_B2,0.8414863829295286,0,0,0,0,1,168,0,0,371,0,0,0,0,0,1401,0,0,150,9203,15100
1782163177_C94_H12,0.8455579075828953,0,0,0,0,0,0,0,0,0,0,175,0,31,0,3,0,0,431,1287,6046
1782147052_C39_G3,0.8521272477432028,0,449,3569,0,0,15,0,0,36,0,0,0,62,0,20,11,93,482,7597,12761
1782163197_C50_A5,0.8522427392381197,0,88,3,0,0,715,0,0,0,0,0,0,0,0,260,0,16,66,5635,7237
1782147045_B6,0.8202811577183097,0,0,0,0,0,4,0,0,21,0,2,182,0,42,2023,0,348,0,11341,5071
1782147052_C17_C8,0.8740396223967295,0,0,414,0,0,54,0,0,0,0,0,0,0,0,0,0,0,408,925,3510
1782147052_C30_E9,0.8568455904968201,0,1315,0,0,0,0,0,0,0,0,0,0,0,0,0,150,348,63,7125,10183
1782147052_C82_F12,0.888012519047462,0,285,0,0,0,0,0,434,0,0,0,97,0,0,0,0,0,180,275,1594
1782147045_C7,0.8784332723188898,0,316,0,0,0,10,0,0,55,0,0,0,0,0,0,0,0,0,1877,2500
1782147045_A1,0.8750792387464541,0,0,1352,0,0,0,0,0,2,0,0,0,0,0,422,134,459,147,3318,4244
1782147052_C49_A4,0.902505803299249,0,32,6,0,0,0,0,0,0,0,0,0,0,0,67,0,0,0,1523,72
1782163197_C55_B4,0.82178577921483,0,23,1772,0,0,15,0,0,0,0,0,0,154,46,0,0,0,8,854,9320
1782147045_F9,0.8051504341920146,0,0,1027,0,0,94,24,0,0,0,126,0,107,16,4324,0,0,454,1180,14313
1782147045_F11,0.8463858168043543,0,0,45,0,0,264,0,0,0,0,0,0,0,42,0,15,0,306,15197,16260
1782147052_C13_C3,0.8845515474055665,0,0,3152,0,0,45,0,0,0,0,0,0,0,0,0,0,181,390,300,45
1782147052_C21_D1,0.8308029359314982,0,0,0,0,0,4,0,0,0,0,0,0,0,0,41,1051,49,11,136,6330
1782147045_G6,0.8373543292301152,0,0,0,0,0,1306,0,0,0,0,209,0,0,0,0,0,38,174,4807,3584
1782147052_C69_D6,0.8778260369985963,0,576,918,0,0,0,0,0,0,0,0,0,0,0,0,103,0,71,3203,12120
1782147052_C44_H2,0.900285696797733,0,2662,716,0,0,7,0,0,0,0,0,0,0,0,0,0,524,269,3766,3238
1782147052_C14_C2,0.8689676682107874,0,94,0,0,0,0,0,0,20,0,0,0,0,0,0,0,194,3,3784,11211
1782147045_B2,0.8966241404952352,2902,122,3547,3,0,3,0,0,0,0,0,0,0,0,0,0,27,7,595,2655
1782147045_H10,0.8657288226419243,0,5681,34,0,0,0,0,0,0,0,0,8,0,0,0,356,0,0,1112,3636
1782147045_C10,0.8568594220084864,0,131,0,0,0,7,0,0,0,0,0,0,0,0,4,0,287,263,2887,8828
1782147052_C02_A2,0.8319897457680674,0,0,0,0,0,4,474,0,0,0,53,152,18,57,875,10,255,409,6200,16664
1782147045_D8,0.8560300421208675,0,0,3,0,0,104,0,0,0,0,0,0,5,0,657,0,1421,465,11692,7306
1782147045_G3,0.8567731786827346,0,1192,0,149,0,0,0,0,19,128,0,0,0,0,0,1369,0,402,5321,3015
1782147052_C33_F3,0.8664518777308311,0,1554,0,126,0,0,0,0,0,0,0,0,60,0,299,0,2,36,2691,2132
1782147052_C86_G5,0.7006078324529214,0,0,59,0,0,3,0,0,0,0,0,89,7,7,1710,398,1000,0,122,17768
1782147052_C29_E8,0.8601769256538703,0,0,0,64,0,109,0,0,0,0,0,0,0,0,0,0,0,0,3031,9042
1782147052_C64_C10,0.9226949550255361,0,0,0,127,15,0,0,0,0,0,0,0,0,0,0,0,0,0,4582,3
1782163197_C69_D6,0.8579679739850301,0,0,0,0,0,0,0,0,0,0,0,0,0,0,0,0,0,352,5354,5405
1782147045_B8,0.8520319701403826,0,0,768,238,0,0,0,0,7,0,0,0,0,0,3,18,0,568,12676,7444
1782163197_C76_E12,0.8643080616664772,0,0,0,0,0,0,0,0,3,0,0,0,0,0,24,7,3,163,3819,12584
1782163197_C63_C6,0.9596526502602688,0,0,0,0,0,0,0,0,33,0,0,8,0,0,899,0,0,366,46,1140
1782147045_B11,0.8006413273592651,0,0,0,0,0,0,92,0,54,0,150,0,94,0,13,19,60,1025,1297,19023
1782163197_C74_E5,0.8159279098732755,0,0,6,0,0,0,0,0,0,1550,307,0,0,168,836,2,625,601,5520,34833
1782163197_C56_B5,0.921852062467858,0,0,781,0,0,0,14,0,0,0,0,0,0,0,0,0,0,424,1283,525
1782147052_C88_G12,0.8821113776844316,0,0,52,4947,0,0,0,0,0,0,0,0,0,0,0,0,0,85,61,5041
1782163197_C87_G4,0.8116365023196445,0,0,0,0,0,3,0,0,0,0,0,77,0,0,1565,197,531,868,4338,15087
1782147052_C28_E7,0.822208959333615,0,0,31,0,0,13,1060,0,0,0,0,0,0,0,15,0,0,66,1943,18486
1782147052_C59_B11,0.5550963765671705,0,0,0,0,0,3,466,0,0,12212,5,24,0,424,0,3,0,0,0,0
1782147052_C52_A10,0.41599267047268657,0,0,0,0,8,7,14,80,207,554,4,0,0,1,0,0,0,0,0,0
1782147052_C53_A11,0.4930944204479449,0,0,0,0,243,16,0,0,977,4339,0,1253,11,680,0,0,0,0,0,0
1782147052_C27_E3,0.5009033958781637,0,0,0,3,0,878,2434,0,68,0,776,542,3,0,0,0,0,0,0,0
1782147052_C15_C1,0.4505041072952233,53,4,0,41,33,417,107,97,220,2470,185,232,245,986,0,93,0,0,0,0
1782163197_C57_B6,0.5295584982005018,0,0,0,0,0,117,669,564,65,602,2,0,5,24,0,0,0,0,0,0
1782147052_C35_F8,0.4512952520819983,0,0,0,51,0,141,47,302,123,7295,376,360,227,1222,0,0,0,0,0,0
1782147052_C77_E11,0.4398912483890696,0,0,1,0,6,219,1,325,250,5,71,274,64,0,0,0,0,0,0,0
1782163197_C16_C9,0.45872567763576816,0,0,0,1075,0,68,184,50,23,300,351,374,711,805,0,0,0,0,0,0
1782147052_C40_G7,0.49834504189308687,0,0,0,0,12,6,861,134,12,88,537,382,39,519,0,0,0,0,0,0
1782147052_C37_G1,0.45607518933786784,0,0,0,35,86,201,7,9,155,14,825,1079,343,2390,0,0,0,0,0,0
1782147052_C43_H1,0.4807616860815404,0,0,0,0,0,124,353,50,89,2439,221,12,70,186,0,249,0,0,0,0
1782147052_C31_F1,0.4913098763640998,0,0,0,0,2,27,936,283,3758,1296,0,1193,3,3,0,0,0,0,0,0
1782147052_C56_B5,0.45531934460767637,0,0,0,0,0,126,310,68,240,1969,65,0,47,494,0,0,0,0,0,0
1782163197_C75_E4,0.44989371111535487,0,0,0,35,5,106,18,33,209,1272,541,259,194,1549,0,148,0,0,0,0
1782147045_H6,0.4502493243699277,0,0,0,301,24,241,378,3,112,348,352,110,643,1278,0,0,0,0,0,0
1782147052_C65_C11,0.5062396913947265,0,0,0,0,0,271,369,0,348,2098,32,69,114,616,0,0,0,0,0,0
1782147052_C11_B8,0.44799993271066113,0,0,0,367,0,149,410,1,3,87,526,589,422,2130,0,97,0,0,0,0
1782147052_C89_G11,0.46865635957323687,0,0,0,0,0,978,122,21,1260,1294,103,299,257,432,0,0,0,0,0,0
1782147052_C55_B4,0.4612299284168164,0,0,0,14,1,58,1,13,2168,87,150,758,571,1148,0,0,0,3,0,0
1782147052_C23_D8,0.44638821594319233,0,0,0,0,0,112,1174,0,18,1725,403,512,617,851,0,79,0,0,0,0
1782147045_G10,0.4414236878910961,0,0,0,4,0,222,129,37,547,523,175,395,141,20,0,0,0,154,0,0
1782147045_A10,0.4494438829400235,0,0,0,0,0,148,362,97,1,4612,225,95,98,1200,0,0,0,0,0,0
1782163197_C88_G12,0.445482428549538,0,0,1,0,0,92,111,257,1363,202,361,395,1,662,0,339,0,0,0,0
1782147052_C67_D4,0.44882163654207163,0,0,1,248,0,8,279,51,1218,686,323,12,148,84,0,0,0,0,0,0
1782147052_C80_F5,0.46485163358716935,0,0,0,7,0,53,197,0,0,2100,0,0,0,896,0,0,0,0,0,0
1782163197_C14_C2,0.47037425300013297,0,0,0,0,0,258,806,0,856,6491,395,1968,393,1622,0,0,0,38,0,0
1782147052_C25_E1,0.4936467040460581,0,0,0,0,9,12,2672,505,0,4454,1,10,15,36,0,0,0,0,0,0
1782163197_C45_H3,0.569376796502794,0,0,0,0,3,6,8,1,5,5717,356,112,25,360,0,0,0,0,0,0
1782163197_C01_A3,0.4686467490140062,0,0,0,0,54,223,184,21,32,6,2,86,13,606,0,0,0,0,0,0
1782147052_C46_H7,0.42597937384222856,0,0,782,73,0,128,4,74,207,168,101,213,87,300,0,0,0,0,43,0
1782147052_C68_D5,0.4591460826859251,0,0,0,9,14,486,150,10,0,76,778,817,164,2067,0,130,0,0,0,0
1782147052_C36_F9,0.5093979795232025,0,0,351,0,23,2,95,213,505,2812,143,0,12,145,0,0,0,0,0,0
1782147052_C96_H10,0.482126638494224,0,0,0,3,3,356,179,45,895,177,261,179,106,512,0,0,0,0,0,0
1782147045_E12,0.4922457216070559,0,0,0,0,2,0,472,0,62,70,0,28,94,2,0,0,0,0,0,0
1782163197_C39_G3,0.45410776129607455,0,0,2,217,0,301,520,2,303,397,308,441,195,257,0,1033,0,0,0,0
1782147052_C74_E5,0.4334715444417939,0,0,0,0,39,105,14,360,83,0,0,600,1,0,0,0,0,28,0,0
1782163177_C36_F9,0.4620352546272768,0,0,38,0,105,168,1095,48,0,66,239,1,2,7,0,0,0,0,0,0
1782163197_C37_G1,0.48101839777662747,0,0,0,0,0,76,588,557,92,311,311,641,6,25,0,0,0,0,0,0
1782163177_C77_E11,0.4832618259511948,0,0,0,69,4,913,20,20,216,98,43,2,0,96,0,0,0,2,0,0
1782163197_C04_A9,0.4523047759980936,0,0,0,100,0,110,636,19,218,2315,273,84,366,738,0,0,0,0,0,0
1782163197_C23_D8,0.4643526803165905,0,0,0,0,44,138,968,95,160,226,595,82,194,167,0,0,0,0,0,0
1782163186_C76_E12,0.50146566417505,0,0,0,0,0,4,316,0,0,53,0,2,2,0,0,0,0,0,0,0
1782163177_C91_H6,0.4680208566511804,3,0,0,0,11,13,445,30,224,50,315,1,13,340,0,0,0,0,0,0
1782163197_C06_A7,0.42886700761325175,0,3,0,54,92,38,310,4,535,10,79,155,85,83,0,0,0,0,0,0
1782163177_C96_H10,0.49650481593238344,0,0,0,0,0,314,179,0,13,0,456,746,358,389,0,0,0,0,0,0
1782163185_C49_A4,0.8282158127794388,0,0,0,0,0,5,2,0,0,15,0,0,2,930,0,2,0,0,0,0
1782163177_C82_F12,0.518678541759278,0,0,0,0,0,187,767,460,37,3,163,190,473,492,0,0,0,0,0,0
1782163187_C29_E8,0.48364734484704014,0,0,0,34,132,19,846,14,99,70,172,88,0,322,0,0,0,0,0,0
1782163177_C85_G6,0.45242320993498786,0,0,0,23,0,18,766,92,30,30,281,189,75,717,0,0,0,0,0,0
1782163177_C59_B11,0.4618493311323141,0,0,0,0,0,361,176,4,42,141,440,0,254,1,0,0,0,0,0,0
1782163177_C88_G12,0.46358243777948843,0,0,6,0,0,65,230,6,22,230,188,0,91,529,0,0,0,12,0,0
1782163185_C16_C9,0.4445471096541538,0,210,6,287,0,278,1007,105,389,40,451,460,105,1415,0,192,0,9,0,0
1782163177_C76_E12,0.4689905749310909,0,0,8,0,0,117,750,101,31,12,190,0,8,78,0,0,0,0,0,0
1782163177_C17_C8,0.4519103609775467,0,660,0,378,6,491,124,102,152,5230,536,638,694,1698,0,51,0,0,0,0
1782163177_C70_D10,0.4995831438011858,0,0,0,370,57,59,572,4,432,621,250,102,130,623,0,0,0,0,0,0
1782163177_C50_A5,0.44796553554545,0,0,631,22,6,228,1343,0,6,3609,161,466,117,1419,0,0,0,107,0,0
1782163187_C01_A3,0.5036300701204722,0,0,0,0,0,106,743,0,192,6719,0,0,0,0,0,518,0,0,0,0
1782163197_C67_D4,0.44504258470309394,0,0,0,57,0,15,57,81,121,177,304,13,126,314,0,0,0,4,0,0
1782163177_C07_B3,0.4837138205479797,0,0,0,0,1,15,395,92,0,1637,274,49,396,586,0,0,0,0,0,0
1782163177_C06_A7,0.48018237769813743,0,0,0,6,1,153,155,898,0,52,928,115,433,245,0,0,0,0,0,0
1782163185_C36_F9,0.4697917672972345,0,0,0,55,0,37,14,34,72,1137,286,212,225,442,0,0,0,0,0,0
1782163177_C25_E1,0.99837704720991,0,0,0,0,0,0,0,0,0,0,0,1,0,0,0,0,0,0,0,0
1782163185_C48_H9,0.6209892078622654,0,0,190,0,0,29,25,0,0,0,0,26,0,614,0,0,0,0,0,0
1782163187_C69_D6,0.627662314875654,0,0,0,0,0,10,726,0,0,3,0,3,111,56,0,0,0,0,0,0
1782163185_C20_D2,1,0,0,5415,0,0,83,0,0,0,3708,38,155,0,414,0,0,0,0,0,0
1782163177_C67_D4,0.1710871086234424,504,852,282,473,0,0,0,0,12,0,36,0,99,0,0,0,0,0,0,0
1782163190_C76_E12,0.26284233930468326,68,0,2496,175,104,0,34,0,0,87,0,0,0,0,0,0,0,0,0,0
1782163177_C18_C7,0.011814077664703448,5,2,227,7,0,0,161,0,0,0,0,0,0,0,0,0,0,0,0,95
1782163177_C30_E9,0.04383994088900902,0,1563,4491,0,0,0,0,0,0,0,0,172,0,0,0,0,0,0,0,537
1782163185_C59_B11,0.223297679598923,0,734,110,544,380,0,32,63,0,26,0,0,0,0,0,0,0,0,0,275
1782163185_C75_E4,0.18605595474927325,0,1378,46,89,34,9,0,0,0,246,0,0,191,0,0,28,0,0,0,0
1782163177_C03_A1,0.010807466562728622,2,157,14,6,8,152,0,0,11,24,0,0,0,1,0,0,0,1,0,6
1782163177_C71_D11,0.26434917160895965,24,1323,82,96,740,0,161,0,0,0,0,0,7,0,0,0,0,0,0,0
1782163185_C11_B8,0.14526163923288915,272,7642,2159,39,0,295,0,263,0,59,7,0,0,0,0,20,433,0,0,0
1782163177_C62_C5,0.25677194446240864,0,467,188,75,0,81,0,126,0,0,0,0,0,12,0,0,0,108,36,0
1782163177_C20_D2,0.1902730666601587,640,2017,1627,284,30,0,30,69,0,40,0,0,0,7,0,0,0,0,0,208
1782163177_C83_F11,0.03647473891707617,0,0,0,568,41,0,39,0,6,0,0,0,0,0,0,0,0,0,0,0
1782163185_C61_C4,0.27506712636807196,0,0,1690,0,53,162,0,0,8,0,47,0,0,0,0,0,0,3,0,0
1782163177_C93_H4,0.09300575361527481,0,0,21,1512,0,0,0,0,0,0,0,0,0,0,0,0,0,0,0,307
1782163177_C79_F6,0.24169979735473118,0,1660,228,697,0,147,9,0,59,0,5,131,0,41,0,0,0,52,0,27
1782163185_C27_E3,0.043753618426178476,0,1543,0,0,3,0,0,361,0,0,0,0,0,0,0,0,0,4,0,0
1782163177_C60_B12,0.07322274340079951,4,617,124,53,6,0,0,0,0,238,0,2,0,0,0,0,0,0,4,0
1782163185_C04_A9,0.15718586515090635,207,395,9,292,0,0,70,3,0,115,100,36,55,0,0,0,0,0,0,0
1782163177_C72_D12,0.2090144052541554,121,207,2244,606,20,247,26,0,3,23,11,109,23,0,0,218,0,0,0,0
1782163185_C28_E7,0.19485215090323824,98,986,785,303,4,760,0,38,0,5,130,35,21,0,0,0,229,0,320,0
1782163177_C24_D7,0.2231527041326086,22,1954,981,537,0,0,3,21,140,0,0,17,0,180,0,0,0,2,0,2354
1782163185_C25_E1,0.28333238466673694,0,324,2,17,19,17,0,0,657,0,0,0,0,0,0,0,0,1,0,0
1782163177_C31_F1,0.29875621480683373,237,596,1,347,253,7,24,0,0,0,0,0,0,0,0,0,0,0,0,0
1782163185_C52_A10,0.01066917088356617,0,1289,1,0,0,0,0,0,0,830,0,0,0,0,5,0,0,0,0,0
1782163177_C09_B1,0.20433332665101245,21,2034,4264,148,0,0,108,3,3,0,82,29,53,3,0,0,0,0,0,0
1782163177_C43_H1,0.2390143603918097,0,0,339,1637,104,0,0,0,0,101,0,0,0,0,0,0,0,0,0,0
1782163185_C02_A2,0.3288946013902536,0,4,6,0,349,0,0,0,0,76,0,0,0,0,0,0,0,0,0,0
1782163177_C80_F5,0.311827593101509,0,0,55,64,245,0,0,0,0,0,0,0,0,0,0,0,0,0,0,0
1782163185_C14_C2,0.2667039080543654,0,0,0,196,43,13,0,0,0,0,0,0,33,0,0,0,0,1,0,0
1782163177_C68_D5,0.250463582630527,3,348,3,0,0,11,0,0,0,0,0,0,0,0,0,0,0,0,0,0
1782163177_C40_G7,0.20330935480847317,1854,2524,1567,343,101,0,31,0,0,0,99,3,0,0,0,0,0,0,0,0
1782163185_C93_H4,0.20342481412332053,542,921,192,448,83,138,1,0,0,0,0,0,0,0,0,21,0,0,0,0
1782163185_C33_F3,0.2697967918562813,15,79,206,341,241,3,125,0,92,0,0,0,0,54,0,0,0,3,0,0
1782163185_C35_F8,0.32204168010162837,0,0,238,356,25,1008,5,0,0,0,0,0,0,0,0,0,0,0,0,0
1782163177_C84_F10,0.3353440929852139,0,0,2023,0,0,541,0,0,68,392,107,0,0,0,0,0,0,0,0,0
1782163185_C05_A8,0.20015677642299964,330,1740,211,0,0,1,97,0,0,0,0,7,97,0,0,0,0,0,29,0
1782163177_C86_G5,0.26663266877844066,0,2,83,656,295,0,79,0,0,0,0,0,0,252,0,0,0,0,0,0
1782163185_C79_F6,0.2856328390683031,0,1,188,11,10,0,16,0,0,50,4,20,0,0,0,0,0,0,0,0
1782163185_C82_F12,0.1845194376255799,0,681,17,733,0,0,0,0,0,0,0,0,601,0,0,0,0,0,0,0
1782163185_C38_G2,0.9624985723732958,0,0,0,0,0,0,0,0,0,0,0,0,6,0,12,0,0,29,0,0
1782163185_C74_E5,0.22580255104843613,0,506,4203,710,1,440,0,0,0,7,0,0,0,0,0,0,0,0,2,749
1782163185_C92_H5,0.19077662020111766,459,895,1554,860,35,589,310,26,51,53,0,47,0,0,0,0,0,1,0,0
1782163177_C56_B5,0.23816303462157765,0,0,0,0,186,0,0,0,0,0,0,0,0,0,0,0,0,0,0,0
1782163177_C05_A8,0.24076354061376126,784,0,108,557,35,295,13,0,271,621,0,0,0,0,0,0,0,0,0,0
1782163185_C86_G5,0.24631431777238894,0,0,7,1040,178,2,0,0,0,0,0,0,0,0,0,0,0,0,0,0
1782163177_C26_E2,0.22666942829956088,0,1533,2865,14,2,8,12,0,0,0,10,0,0,0,0,0,0,0,0,0
1782163185_C94_H12,0.2684206483621081,1356,7,29,1139,9,2,1156,0,0,0,0,0,0,0,0,0,0,0,0,0
1782163177_C89_G11,0.24067041130798753,0,0,652,1873,3,98,0,0,0,235,0,0,0,0,0,0,0,0,0,0
1782163177_C37_G1,0.24884681155779084,0,0,30,614,0,0,16,0,0,292,0,0,0,0,0,0,0,0,0,0
1782163185_C71_D11,0.2643848581962618,0,0,2891,217,6,470,0,0,0,62,22,15,20,0,0,0,0,0,0,0
1782163185_C83_F11,0.24360707437382167,0,590,0,135,405,7,15,52,0,0,0,0,0,0,0,0,0,0,175,325
1782163185_C15_C1,0.3336086270211127,0,0,21,0,3,3,0,0,0,0,0,0,0,0,0,0,0,0,0,0
1782163177_C63_C6,0.2637945482978699,0,2,2299,1119,2,0,0,0,0,0,0,0,0,0,0,0,0,0,0,0
1782163177_C39_G3,0.33796738061710035,0,0,14,2,0,0,1,0,0,0,0,0,0,0,0,0,0,0,0,0
1782163177_C90_G10,0.04746294587524542,0,0,39,46,0,0,5,0,157,1576,0,0,0,0,0,0,0,0,0,221
1782163185_C66_C12,0.9347200638336107,0,0,29,0,0,0,2,0,0,0,0,0,0,0,0,0,0,0,0,0
1782163185_C08_B2,0.25155561421018036,0,497,685,273,10,0,10,0,253,75,4,6,0,0,0,0,0,0,117,0
1782163177_C46_H7,0.1888094797455767,0,1951,288,6,130,0,1,1,0,0,9,5,9,31,0,0,3,0,0,0
1782163177_C04_A9,0.2635639253919163,0,621,45,4,891,0,0,0,0,69,0,0,0,0,0,0,0,0,0,0
1782163185_C37_G1,0.24718216911791316,0,598,1009,880,60,0,0,0,0,6,0,0,10,0,0,6,0,0,0,0
1782163185_C43_H1,0.3215587095988493,0,0,0,17,0,0,8,0,0,0,0,0,0,0,0,0,0,0,0,0
1782163185_C63_C6,0.2536658777436733,0,519,70,355,605,8,416,0,0,0,0,148,0,0,0,0,0,1,0,0
1782163185_C41_G8,0.249225172052682,0,0,160,431,215,0,16,0,0,63,0,0,0,0,0,0,0,0,0,0
1782163184_C28_E7,0.24385976411506308,0,0,0,143,77,0,0,452,0,143,0,0,0,0,0,0,0,0,0,0
1782163187_C22_D9,0.22895711072749259,0,305,1094,1006,176,4,0,51,188,17,0,0,23,47,0,0,0,0,0,0
1782163185_C19_D3,0.1699032332763048,0,2,0,0,4,0,1126,0,0,0,0,0,0,0,0,0,0,0,0,0
1782163185_C21_D1,0.3143598002253732,0,0,39,17,87,15,0,0,0,0,0,0,0,0,0,0,0,0,0,0
1782163185_C55_B4,0.24519229066920037,0,524,2871,501,4,234,41,0,0,180,0,16,0,0,0,0,0,0,0,0
1782163177_C10_B9,0.3499076814414839,0,0,0,0,0,0,0,0,0,0,0,0,0,0,0,0,0,0,0,0
1782163185_C03_A1,0.3280650149213846,0,0,0,0,0,0,0,0,174,284,0,0,0,0,0,0,0,0,0,0
1782163185_C39_G3,0.33796738061710035,0,0,3,0,0,0,0,0,0,143,0,0,0,0,0,0,0,0,0,0
1782163177_C58_B10,0.23982255784122042,727,567,736,293,507,190,9,0,1,0,0,0,2,0,0,0,0,0,0,0
1772158105_C72_D12,0.2747451971387816,0,0,1268,446,56,0,113,1,0,862,0,0,0,0,0,0,0,0,0,0
1782163185_C09_B1,0.25711735940912706,0,367,0,346,1,0,741,0,0,16,0,0,0,0,0,0,0,0,0,0
1782163185_C67_D4,0.3237142079531084,0,0,0,168,3,101,10,0,0,273,0,0,0,0,0,0,0,0,0,0
1782163185_C26_E2,0.3447193798447562,0,0,0,1171,0,0,0,0,0,0,0,0,0,0,0,0,0,0,0,0
1782163185_C64_C10,0.7896493630081081,0,0,939,0,0,2,43,0,0,0,326,0,30,6,1016,502,405,427,3375,9390
1782163185_C44_H2,0.9627103899124891,60,0,917,0,0,0,0,0,351,0,0,0,215,0,363,0,0,0,681,1724
1782163177_C66_C12,0.9162294632781408,0,0,2682,0,0,0,0,0,0,0,0,0,0,4,322,4,0,563,446,4207
1782163197_C22_D9,0.7978934290665897,0,0,24,0,0,1282,0,0,0,0,224,0,0,19,36,0,289,241,2513,12307
1782163197_C33_F3,0.8016890885955195,0,0,3,0,0,23,0,0,0,0,214,0,44,406,2176,1004,913,686,8734,13082
1782163197_C28_E7,0.9574073155090612,0,0,5068,0,0,0,0,0,1,0,8,0,1,0,1544,1,55,4,38,2073
1782163197_C03_A1,0.7881627939756898,0,0,2587,0,0,0,0,0,0,0,208,0,53,632,6444,1000,7,591,3203,22284
1782163177_C74_E5,0.7788437410476445,0,0,8,0,0,0,0,0,2,0,316,14,47,594,768,1957,3035,150,8666,13309
1782163177_C69_D6,0.9073306228746649,0,0,62,0,0,0,0,0,0,0,0,0,8,3,1323,739,34,0,3071,8209
1782163187_C03_A1,0.7984262392840883,0,0,16,0,0,0,0,0,0,0,0,0,0,5,426,932,526,14,4340,5858
1782163185_C89_G11,0.9287568136420462,0,0,292,0,0,0,0,0,0,0,398,0,0,0,36,0,2,0,1086,6716
1782163197_C27_E3,0.9124489847894199,0,0,1783,0,0,0,0,0,0,0,1020,650,174,337,79,42,71,2,10441,16877
1772158110_C63_C6,0.9638271853501429,473,0,1744,0,0,0,0,0,0,0,0,0,0,0,323,680,3,24,42,2866
1782147045_C4,0.9078654326950963,887,0,44,0,0,0,0,0,0,0,0,0,33,60,843,15,2,219,2119,12105
1782163196_C62_C5,0.9512803989640942,0,2,1419,0,0,0,0,0,0,0,22,35,0,393,274,330,9,532,1086,978
1782163197_C47_H8,0.7968393890179446,0,0,105,0,0,2,165,0,0,0,368,0,450,292,1166,357,765,1400,5169,23330
1782147050_C87_G4,0.7951089129989719,0,0,558,0,0,23,0,0,0,0,85,17,19,243,6112,477,177,611,5864,27951
1782163197_C36_F9,0.7893826751216224,0,136,81,0,0,0,23,0,0,0,118,50,23,154,3418,322,113,1646,9319,16559
1782147045_B12,0.9484313827558891,0,0,1551,0,0,433,2,0,0,0,166,0,14,187,2680,1009,92,282,1413,4472
1782163197_C12_B7,0.7485536152651636,0,0,1704,0,0,0,0,0,0,0,0,0,59,0,2512,288,0,544,3421,13517
1782163186_C12_B7,0.7522012631197372,0,92,8,0,0,27,0,0,0,0,355,26,227,1173,740,1281,882,890,34016,16677
1782147045_D3,0.7715317379643074,0,0,35,0,0,0,0,0,0,0,50,0,4,172,98,30,246,231,1141,9250
1782163196_C29_E8,0.7761328958855631,0,0,4,0,0,0,12,0,0,0,35,157,0,729,1162,152,341,178,3194,1068
1782163197_C02_A2,0.7712176438421432,0,0,7,0,0,0,0,0,0,0,0,551,0,0,14,49,303,670,1828,7139
1782163197_C29_E8,0.817177133879152,0,0,1056,0,2,432,0,0,0,0,342,0,0,0,1527,344,804,356,3611,17557
1782147045_A12,0.7702256502962654,2103,0,61,0,0,21,0,0,0,0,174,0,0,0,7,570,2,878,6131,13564
1782147045_D11,0.7715162665637024,0,0,227,0,0,0,0,0,0,0,0,0,0,0,7,55,6,4,144,3495
1782147052_C81_F4,0.7830526455612906,0,0,12,0,0,2,0,20,359,0,168,275,244,136,1952,1700,464,725,4851,18596
1782147158_C09_B1,0.7708171932091553,0,0,78,0,0,0,0,0,0,0,0,0,0,457,4,36,0,0,0,2726
1782163194_C01_A3,0.7722591577063046,0,0,100,0,0,0,0,0,0,0,24,0,0,413,69,8,193,366,453,14919
1782163194_C46_H7,0.7854254503758903,0,0,1102,0,0,0,0,0,0,0,527,0,262,676,1108,1740,1106,785,10085,22856
